OBJECTID,NEIGHBOURHOOD_NAME,HOOD_158,ASSAULT_2014,ASSAULT_2015,ASSAULT_2016,ASSAULT_2017,ASSAULT_2018,ASSAULT_2019,ASSAULT_2020,ASSAULT_2021,ASSAULT_2022,ASSAULT_2023,ASSAULT_2024,ASSAULT_RATE_2014,ASSAULT_RATE_2015,ASSAULT_RATE_2016,ASSAULT_RATE_2017,ASSAULT_RATE_2018,ASSAULT_RATE_2019,ASSAULT_RATE_2020,ASSAULT_RATE_2021,ASSAULT_RATE_2022,ASSAULT_RATE_2023,ASSAULT_RATE_2024,AUTOTHEFT_2014,AUTOTHEFT_2015,AUTOTHEFT_2016,AUTOTHEFT_2017,AUTOTHEFT_2018,AUTOTHEFT_2019,AUTOTHEFT_2020,AUTOTHEFT_2021,AUTOTHEFT_2022,AUTOTHEFT_2023,AUTOTHEFT_2024,AUTOTHEFT_RATE_2014,AUTOTHEFT_RATE_2015,AUTOTHEFT_RATE_2016,AUTOTHEFT_RATE_2017,AUTOTHEFT_RATE_2018,AUTOTHEFT_RATE_2019,AUTOTHEFT_RATE_2020,AUTOTHEFT_RATE_2021,AUTOTHEFT_RATE_2022,AUTOTHEFT_RATE_2023,AUTOTHEFT_RATE_2024,BIKETHEFT_2014,BIKETHEFT_2015,BIKETHEFT_2016,BIKETHEFT_2017,BIKETHEFT_2018,BIKETHEFT_2019,BIKETHEFT_2020,BIKETHEFT_2021,BIKETHEFT_2022,BIKETHEFT_2023,BIKETHEFT_2024,BIKETHEFT_RATE_2014,BIKETHEFT_RATE_2015,BIKETHEFT_RATE_2016,BIKETHEFT_RATE_2017,BIKETHEFT_RATE_2018,BIKETHEFT_RATE_2019,BIKETHEFT_RATE_2020,BIKETHEFT_RATE_2021,BIKETHEFT_RATE_2022,BIKETHEFT_RATE_2023,BIKETHEFT_RATE_2024,BREAKENTER_2014,BREAKENTER_2015,BREAKENTER_2016,BREAKENTER_2017,BREAKENTER_2018,BREAKENTER_2019,BREAKENTER_2020,BREAKENTER_2021,BREAKENTER_2022,BREAKENTER_2023,BREAKENTER_2024,BREAKENTER_RATE_2014,BREAKENTER_RATE_2015,BREAKENTER_RATE_2016,BREAKENTER_RATE_2017,BREAKENTER_RATE_2018,BREAKENTER_RATE_2019,BREAKENTER_RATE_2020,BREAKENTER_RATE_2021,BREAKENTER_RATE_2022,BREAKENTER_RATE_2023,BREAKENTER_RATE_2024,HOMICIDE_2014,HOMICIDE_2015,HOMICIDE_2016,HOMICIDE_2017,HOMICIDE_2018,HOMICIDE_2019,HOMICIDE_2020,HOMICIDE_2021,HOMICIDE_2022,HOMICIDE_2023,HOMICIDE_2024,HOMICIDE_RATE_2014,HOMICIDE_RATE_2015,HOMICIDE_RATE_2016,HOMICIDE_RATE_2017,HOMICIDE_RATE_2018,HOMICIDE_RATE_2019,HOMICIDE_RATE_2020,HOMICIDE_RATE_2021,HOMICIDE_RATE_2022,HOMICIDE_RATE_2023,HOMICIDE_RATE_2024,ROBBERY_2014,ROBBERY_2015,ROBBERY_2016,ROBBERY_2017,ROBBERY_2018,ROBBERY_2019,ROBBERY_2020,ROBBERY_2021,ROBBERY_2022,ROBBERY_2023,ROBBERY_2024,ROBBERY_RATE_2014,ROBBERY_RATE_2015,ROBBERY_RATE_2016,ROBBERY_RATE_2017,ROBBERY_RATE_2018,ROBBERY_RATE_2019,ROBBERY_RATE_2020,ROBBERY_RATE_2021,ROBBERY_RATE_2022,ROBBERY_RATE_2023,ROBBERY_RATE_2024,SHOOTING_2014,SHOOTING_2015,SHOOTING_2016,SHOOTING_2017,SHOOTING_2018,SHOOTING_2019,SHOOTING_2020,SHOOTING_2021,SHOOTING_2022,SHOOTING_2023,SHOOTING_2024,SHOOTING_RATE_2014,SHOOTING_RATE_2015,SHOOTING_RATE_2016,SHOOTING_RATE_2017,SHOOTING_RATE_2018,SHOOTING_RATE_2019,SHOOTING_RATE_2020,SHOOTING_RATE_2021,SHOOTING_RATE_2022,SHOOTING_RATE_2023,SHOOTING_RATE_2024,THEFTFROMMV_2014,THEFTFROMMV_2015,THEFTFROMMV_2016,THEFTFROMMV_2017,THEFTFROMMV_2018,THEFTFROMMV_2019,THEFTFROMMV_2020,THEFTFROMMV_2021,THEFTFROMMV_2022,THEFTFROMMV_2023,THEFTFROMMV_2024,THEFTFROMMV_RATE_2014,THEFTFROMMV_RATE_2015,THEFTFROMMV_RATE_2016,THEFTFROMMV_RATE_2017,THEFTFROMMV_RATE_2018,THEFTFROMMV_RATE_2019,THEFTFROMMV_RATE_2020,THEFTFROMMV_RATE_2021,THEFTFROMMV_RATE_2022,THEFTFROMMV_RATE_2023,THEFTFROMMV_RATE_2024,THEFTOVER_2014,THEFTOVER_2015,THEFTOVER_2016,THEFTOVER_2017,THEFTOVER_2018,THEFTOVER_2019,THEFTOVER_2020,THEFTOVER_2021,THEFTOVER_2022,THEFTOVER_2023,THEFTOVER_2024,THEFTOVER_RATE_2014,THEFTOVER_RATE_2015,THEFTOVER_RATE_2016,THEFTOVER_RATE_2017,THEFTOVER_RATE_2018,THEFTOVER_RATE_2019,THEFTOVER_RATE_2020,THEFTOVER_RATE_2021,THEFTOVER_RATE_2022,THEFTOVER_RATE_2023,THEFTOVER_RATE_2024,POPULATION_2024,Shape__Area,Shape__Length
1,South Eglinton-Davisville,174,55,56,66,73,74,62,74,106,122,100,124,301.171844482422,304.911254882813,343.017517089844,358.828155517578,345.778228759766,276.304656982422,315.269256591797,429.549774169922,479.239501953125,373.468780517578,452.505187988281,2,4,3,8,15,8,14,15,10,20,16,10.9517030715942,21.7793750762939,15.5917053222656,39.3236351013184,70.0901794433594,35.652214050293,59.6455345153809,60.7853469848633,39.281925201416,74.6937561035156,58.387767791748,14,19,27,33,29,42,92,33,16,37,21,76.6619186401367,103.452033996582,140.325347900391,162.209991455078,135.507690429688,187.174118041992,391.956359863281,133.727767944336,62.8510818481445,138.183441162109,76.6339416503906,27,32,25,37,48,83,69,44,24,43,52,147.847991943359,174.235000610352,129.930877685547,181.871810913086,224.288589477539,369.891693115234,293.96728515625,178.303680419922,94.2766265869141,160.591567993164,189.760238647461,0,0,1,0,0,1,1,1,0,0,0,0,0,5.19723510742188,0,0,4.45652675628662,4.26039552688599,4.05235624313354,0,0,0,10,8,8,7,12,5,16,9,15,3,16,54.7585144042969,43.5587501525879,41.577880859375,34.4081802368164,56.0721473693848,22.2826328277588,68.1663284301758,36.4712066650391,58.9228897094727,11.2040634155273,58.387767791748,1,0,1,0,1,0,1,0,1,0,2,5.47585153579712,0,5.19723510742188,0,4.67267894744873,0,4.26039552688599,0,3.92819261550903,0,7.29847097396851,13,18,11,16,18,24,41,22,42,40,25,71.1860656738281,98.0071868896484,57.1695861816406,78.6472702026367,84.1082229614258,106.956634521484,174.676208496094,89.1518402099609,164.984085083008,149.387512207031,91.2308883666992,4,3,4,1,3,3,4,6,3,8,6,21.9034061431885,16.3345317840576,20.7889404296875,4.91545438766479,14.0180368423462,13.3695793151855,17.0415821075439,24.3141384124756,11.7845783233643,29.8775024414063,21.8954124450684,27403,944309.032714844,4005.54988673295
2,North Toronto,173,53,57,47,61,66,84,80,118,136,105,128,455.757171630859,492.313018798828,406.328338623047,485.359649658203,485.329803466797,573.809692382813,510.301727294922,703.092407226563,765.938293457031,550.083801269531,642.344543457031,7,1,2,2,4,4,12,14,10,18,9,60.1943435668945,8.63707065582275,17.2905673980713,15.9134311676025,29.4139270782471,27.3242702484131,76.5452575683594,83.4177474975586,56.3189926147461,94.3000869750977,45.164852142334,8,13,9,14,18,22,52,23,12,22,14,68.7935333251953,112.281913757324,77.8075561523438,111.394020080566,132.362670898438,150.283493041992,331.696105957031,137.043441772461,67.5827865600586,115.255661010742,70.2564392089844,25,44,15,24,42,36,89,49,48,31,31,214.979797363281,380.031097412109,129.679260253906,190.961166381836,308.846252441406,245.918441772461,567.710632324219,291.962097167969,270.331146240234,162.405700683594,155.567825317383,0,0,0,0,0,1,1,0,0,0,0,0,0,0,0,0,6.83106756210327,6.37877130508423,0,0,0,0,7,12,8,6,14,19,3,12,12,14,18,60.1943435668945,103.644844055176,69.1622695922852,47.740291595459,102.948745727539,129.790283203125,19.1363143920898,71.5009231567383,67.5827865600586,73.3445129394531,90.329704284668,0,0,0,0,0,1,0,1,1,0,1,0,0,0,0,0,6.83106756210327,0,5.95841026306152,5.63189888000488,0,5.01831674575806,23,7,15,14,8,18,26,16,24,40,11,197.781402587891,60.4594917297363,129.679260253906,111.394020080566,58.8278541564941,122.95922088623,165.848052978516,95.3345642089844,135.165573120117,209.555740356445,55.2014846801758,2,3,2,2,5,4,7,2,4,7,6,17.1983833312988,25.9112110137939,17.2905673980713,15.9134311676025,36.7674102783203,27.3242702484131,44.6514015197754,11.916820526123,22.5275955200195,36.6722564697266,30.1099014282227,19927,402030.818359375,2543.94588412104
3,Dovercourt Village,172,62,65,92,105,106,113,91,115,103,104,120,456.150665283203,481.41015625,680.423034667969,783.640563964844,798.613708496094,859.838684082031,698.495544433594,883.392211914063,781.6650390625,764.481018066406,876.680297851563,10,13,18,15,12,13,24,10,25,27,36,73.5726928710938,96.2820358276367,133.126251220703,111.948654174805,90.4091033935547,98.9194946289063,184.218612670898,76.8167190551758,189.724517822266,198.471038818359,263.004089355469,29,35,55,47,30,27,32,27,20,38,34,213.360794067383,259.220855712891,406.774658203125,350.7724609375,226.022750854492,205.448181152344,245.624801635742,207.405136108398,151.77961730957,279.329620361328,248.39274597168,38,22,38,39,50,83,47,19,33,46,45,279.576232910156,162.938827514648,281.044311523438,291.066497802734,376.70458984375,631.562927246094,360.761444091797,145.951751708984,250.436370849609,338.135833740234,328.755126953125,1,0,0,1,0,2,1,0,0,0,0,7.35726881027222,0,0,7.46324348449707,0,15.2183837890625,7.67577505111694,0,0,0,0,29,27,16,42,35,17,16,22,14,21,12,213.360794067383,199.970367431641,118.334442138672,313.456237792969,263.693206787109,129.356262207031,122.812400817871,168.996780395508,106.245727539063,154.366363525391,87.6680297851563,0,0,2,0,0,0,0,2,0,1,2,0,0,14.791805267334,0,0,0,0,15.3633432388306,0,7.35077905654907,14.6113386154175,45,38,51,43,87,79,68,18,29,25,22,331.077117919922,281.439788818359,377.191040039063,320.919464111328,655.466003417969,601.126159667969,521.952697753906,138.270080566406,220.080444335938,183.769485473633,160.724716186523,5,3,5,3,4,4,3,2,4,3,7,36.7863464355469,22.2189311981201,36.9795150756836,22.3897304534912,30.1363677978516,30.436767578125,23.0273265838623,15.3633432388306,30.3559226989746,22.0523376464844,51.1396827697754,13688,1503002.17700195,4965.49644819322
4,Junction-Wallace Emerson,171,164,159,171,161,163,186,171,182,138,230,195,698.258605957031,667.0302734375,698.329711914063,657.384338378906,665.333251953125,758.904907226563,696.878295898438,734.997192382813,541.728820800781,860.005981445313,713.553894042969,21,17,12,18,32,25,44,34,47,35,45,89.4111633300781,71.3176956176758,49.0055961608887,73.4963836669922,130.617568969727,102.003349304199,179.313720703125,137.307159423828,184.501846313477,130.870468139648,164.666275024414,42,41,50,63,67,70,54,36,34,55,41,178.822326660156,172.001510620117,204.189971923828,257.237365722656,273.480560302734,285.609375,220.066833496094,145.384063720703,133.469421386719,205.653610229492,150.029281616211,37,46,41,51,91,103,110,76,56,82,77,157.533950805664,192.977310180664,167.435775756836,208.239761352539,371.443725585938,420.253784179688,448.284301757813,306.921905517578,219.831985473633,306.61083984375,281.762298583984,1,3,0,1,0,1,0,0,0,0,0,4.25767469406128,12.5854759216309,0,4.08313274383545,0,4.08013391494751,0,0,0,0,0,26,30,27,30,22,32,23,11,20,18,12,110.69953918457,125.854766845703,110.262588500977,122.493980407715,89.7995834350586,130.56428527832,93.7321701049805,44.4229049682617,78.5114212036133,67.304817199707,43.9110069274902,0,2,1,5,3,2,4,4,3,2,0,0,8.39031791687012,4.08379936218262,20.4156627655029,12.245397567749,8.16026782989502,16.3012466430664,16.1537837982178,11.7767133712769,7.47831296920776,0,74,26,48,72,153,124,144,53,63,58,71,315.067901611328,109.074127197266,196.022384643555,293.985534667969,624.515258789063,505.936584472656,586.844909667969,214.037643432617,247.310989379883,216.871078491211,259.806793212891,5,5,6,6,9,4,9,8,8,9,13,21.2883720397949,20.975793838501,24.5027980804443,24.4987945556641,36.7361946105957,16.32053565979,36.677806854248,32.3075675964355,31.4045696258545,33.6524085998535,47.5702590942383,27328,2222866.7331543,7435.19238437126
5,Yonge-Bay Corridor,170,387,521,481,602,576,660,377,325,441,542,556,3750,4761.90478515625,4127.6923828125,4989.6396484375,4621.68017578125,5131.39501953125,2841.63720703125,2359.3466796875,3017.654296875,3433.42211914063,3355.86669921875,12,20,20,14,27,38,14,16,29,46,37,116.279067993164,182.798645019531,171.629623413086,116.038124084473,216.641250610352,295.443939208984,105.52498626709,116.152450561523,198.439849853516,291.397430419922,223.322067260742,220,154,202,214,263,220,172,167,229,228,192,2131.78295898438,1407.54956054688,1733.45922851563,1773.72570800781,2110.24633789063,1710.46496582031,1296.44982910156,1212.34118652344,1566.99060058594,1444.31774902344,1158.86047363281,69,115,60,125,99,119,148,112,123,108,94,668.604675292969,1051.09216308594,514.888854980469,1036.0546875,794.351257324219,925.2060546875,1115.5498046875,813.067138671875,841.65869140625,684.150512695313,567.358764648438,1,2,0,0,1,2,0,1,1,1,1,9.68992233276367,18.2798652648926,0,0,8.02375030517578,15.5496816635132,0,7.25952816009521,6.84275341033936,6.33472681045532,6.03573131561279,72,52,73,86,90,63,55,50,55,60,65,697.674438476563,475.276489257813,626.448120117188,712.8056640625,722.137512207031,489.814971923828,414.562438964844,362.976409912109,376.351440429688,380.083618164063,392.322540283203,1,3,0,3,4,4,2,0,1,2,1,9.68992233276367,27.4197978973389,0,24.8653125762939,32.0950012207031,31.0993633270264,15.0749979019165,0,6.84275341033936,12.6694536209106,6.03573131561279,120,102,77,86,112,171,135,63,107,76,77,1162.79064941406,932.273071289063,660.774047851563,712.8056640625,898.660034179688,1329.49780273438,1017.56237792969,457.350280761719,732.174621582031,481.439239501953,464.751342773438,37,30,27,35,44,63,35,26,51,52,48,358.527130126953,274.197967529297,231.699996948242,290.095306396484,353.045013427734,489.814971923828,263.812469482422,188.74772644043,348.980438232422,329.405792236328,289.715118408203,16568,1118724.5456543,4811.10766870277
6,Bay-Cloverhill,169,107,101,122,155,136,166,106,146,122,141,122,764.0673828125,691.922973632813,795.929016113281,965.551635742188,812.425354003906,954.023010253906,588.006896972656,779.040588378906,611.436889648438,648.872497558594,533.216796875,6,4,6,7,15,13,9,23,14,16,8,42.8449020385742,27.4028911590576,39.1440505981445,43.6055564880371,89.6057357788086,74.712646484375,49.9251136779785,122.725578308105,70.1648864746094,73.6309280395508,34.9650344848633,76,86,97,100,100,66,59,58,67,56,44,542.702087402344,589.162170410156,632.828796386719,622.9365234375,597.37158203125,379.310333251953,327.286834716797,309.481872558594,335.789093017578,257.708251953125,192.307693481445,26,45,59,54,72,82,80,38,43,63,70,185.661239624023,308.282531738281,384.91650390625,336.385711669922,430.107513427734,471.264373779297,443.778778076172,202.76399230957,215.506439208984,289.921752929688,305.944061279297,0,0,0,0,0,1,0,0,0,0,0,0,0,0,0,0,5.74712657928467,0,0,0,0,0,12,15,19,22,29,36,18,21,20,20,18,85.6898040771484,102.760841369629,123.956161499023,137.046035766602,173.237747192383,206.896545410156,99.850227355957,112.053787231445,100.235549926758,92.0386581420898,78.6713256835938,0,0,0,0,1,0,0,0,1,1,0,0,0,0,0,5.97371578216553,0,0,0,5.01177787780762,4.60193300247192,0,38,24,25,18,32,33,35,21,26,40,61,271.351043701172,164.417343139648,163.100204467773,112.128570556641,191.158905029297,189.655166625977,194.153213500977,112.053787231445,130.306213378906,184.07731628418,266.6083984375,16,13,13,14,9,10,7,10,9,13,25,114.253067016602,89.0593948364258,84.8121109008789,87.2111129760742,53.7634391784668,57.471263885498,38.8306427001953,53.358943939209,45.1059989929199,59.8251266479492,109.265731811523,22880,690548.715332031,3359.58320926838
7,Bendale-Glen Andrew,156,137,149,174,168,183,204,134,129,166,242,197,734.939086914063,787.692932128906,876.132934570313,844.645568847656,919.736633300781,1024.91955566406,673.299194335938,643.359436035156,813.565979003906,1142.31762695313,919.615356445313,35,37,42,25,39,35,46,76,84,150,123,187.758163452148,195.601608276367,211.480361938477,125.691299438477,196.00944519043,175.844055175781,231.132553100586,379.033477783203,411.683990478516,708.048156738281,574.176086425781,10,7,4,23,2,3,1,4,6,10,14,53.645191192627,37.0057106018066,20.1409873962402,115.636001586914,10.0517663955688,15.0723476409912,5.0246205329895,19.9491291046143,29.4059982299805,47.2032089233398,65.3533782958984,71,33,30,27,33,30,20,19,24,28,23,380.880859375,174.455490112305,151.057403564453,135.746612548828,165.854156494141,150.723480224609,100.492416381836,94.7583694458008,117.623992919922,132.168991088867,107.366256713867,0,0,2,0,0,1,1,0,2,0,2,0,0,10.0704936981201,0,0,5.02411556243896,5.0246205329895,0,9.80200004577637,0,9.33619689941406,53,55,49,67,44,35,19,49,54,52,55,284.319519042969,290.759155273438,246.727096557617,336.852691650391,221.138870239258,175.844055175781,95.4677886962891,244.376846313477,264.653991699219,245.456695556641,256.745391845703,1,1,3,5,1,3,7,5,7,1,3,5.3645191192627,5.28653001785278,15.1057405471802,25.1382598876953,5.02588319778442,15.0723476409912,35.1723442077637,24.9364128112793,34.306999206543,4.72032117843628,14.0042943954468,84,64,45,64,53,50,44,41,69,77,72,450.619598388672,338.337921142578,226.58610534668,321.769744873047,266.371826171875,251.205795288086,221.083312988281,204.478576660156,338.168975830078,363.464721679688,336.103057861328,6,8,8,17,13,8,4,7,13,20,18,32.1871147155762,42.2922401428223,40.2819747924805,85.470085144043,65.3364791870117,40.1929244995117,20.098482131958,34.9109764099121,63.7129974365234,94.4064178466797,84.025764465332,21422,4913225.28295898,9230.79989765376
8,Downsview,155,111,125,128,133,121,138,124,138,141,203,208,703.51123046875,792.242370605469,807.672912597656,806.598327636719,708.970520019531,782.889892578125,682.218322753906,731.707336425781,714.394287109375,964.6455078125,952.860900878906,36,32,38,31,32,69,52,61,128,97,80,228.165802001953,202.814041137695,239.777893066406,188.004119873047,187.496337890625,391.444946289063,286.091552734375,323.435852050781,648.528137207031,460.938995361328,366.484954833984,7,4,9,4,9,8,5,6,4,8,8,44.3655738830566,25.3517551422119,56.7895011901855,24.2585964202881,52.7333450317383,45.3849220275879,27.5088024139404,31.813362121582,20.2665042877197,38.0155868530273,36.648494720459,30,33,28,26,42,37,45,28,32,74,30,190.138168334961,209.151977539063,176.678451538086,157.680877685547,246.088943481445,209.905258178711,247.579223632813,148.462356567383,162.132034301758,351.644165039063,137.431854248047,1,0,0,0,1,2,2,0,0,0,0,6.33793878555298,0,0,0,5.85926055908203,11.346230506897,11.0035209655762,0,0,0,0,29,24,13,18,32,21,6,11,26,28,19,183.800231933594,152.110534667969,82.0292816162109,109.163688659668,187.496337890625,119.135414123535,33.0105628967285,58.3244972229004,131.732284545898,133.054550170898,87.0401763916016,4,2,2,5,2,7,3,0,3,3,1,25.3517551422119,12.675877571106,12.6198892593384,30.3232460021973,11.7185211181641,39.7118072509766,16.5052814483643,0,15.199878692627,14.2558450698853,4.58106184005737,60,50,61,51,62,72,76,56,64,70,50,380.276336669922,316.896942138672,384.906616210938,309.297119140625,363.274169921875,408.464294433594,418.1337890625,296.924713134766,324.264068603516,332.636383056641,229.053100585938,5,11,3,12,3,7,10,5,15,17,14,31.6896953582764,69.7173309326172,18.9298343658447,72.7757873535156,17.5777816772461,39.7118072509766,55.0176048278809,26.5111351013184,75.9993896484375,80.7831192016602,64.1348648071289,21829,8282833.37353516,14053.3016763336
9,Oakdale-Beverley Heights,154,220,232,230,277,302,295,235,292,309,447,407,1081.77209472656,1144.15344238281,1135.41003417969,1342.50952148438,1438.36926269531,1379.92333984375,1081.25512695313,1312.53649902344,1344.76452636719,1846.64953613281,1642.1884765625,66,70,51,53,75,92,103,115,106,164,110,324.531646728516,345.218719482422,251.76481628418,256.870056152344,357.210906982422,430.348968505859,473.911834716797,516.923645019531,461.310821533203,677.517944335938,443.834747314453,5,8,7,1,7,8,11,9,14,12,16,24.585729598999,39.4535675048828,34.5559577941895,4.84660482406616,33.3396835327148,37.4216499328613,50.611946105957,40.454891204834,60.9278450012207,49.5744857788086,64.5577774047852,57,43,24,32,44,80,44,63,50,88,58,280.277313232422,212.062927246094,118.477561950684,155.091354370117,209.563720703125,374.216491699219,202.447784423828,283.184234619141,217.59944152832,363.546234130859,234.021942138672,0,0,0,2,0,1,0,0,2,1,1,0,0,0,9.69320964813232,0,4.67770624160767,0,0,8.70397758483887,4.13120698928833,4.03486108779907,41,39,34,46,38,41,49,29,39,30,36,201.602996826172,192.336151123047,167.843215942383,222.943832397461,180.986862182617,191.785949707031,225.453201293945,130.35466003418,169.727569580078,123.936210632324,145.255004882813,4,4,3,6,7,3,5,9,7,6,8,19.6685848236084,19.7267837524414,14.8096952438354,29.0796298980713,33.3396835327148,14.0331182479858,23.0054302215576,40.454891204834,30.4639225006104,24.7872428894043,32.2788887023926,75,41,43,62,117,119,158,113,105,73,92,368.785949707031,202.19953918457,212.272308349609,300.489501953125,557.2490234375,556.647033691406,726.971557617188,507.933654785156,456.958831787109,301.578125,371.207244873047,10,4,8,9,11,7,14,18,19,23,15,49.171459197998,19.7267837524414,39.4925193786621,43.6194458007813,52.3909301757813,32.7439422607422,64.4151992797852,80.909782409668,82.6877899169922,95.0177612304688,60.5229187011719,24784,6685141.25830078,12397.4903776028
10,Avondale,153,32,31,37,44,65,40,41,49,36,49,51,249.337692260742,228.951248168945,259.503448486328,307.541748046875,452.993225097656,277.8935546875,283.874542236328,335.869476318359,239.616607666016,310.913696289063,317.085296630859,9,4,5,1,8,13,32,30,19,25,17,70.1262283325195,29.5420970916748,35.0680313110352,6.98958539962769,55.7530136108398,90.3154067993164,221.560623168945,205.634384155273,126.464324951172,158.629440307617,105.695098876953,3,7,14,20,6,12,37,20,27,9,8,23.3754081726074,51.6986694335938,98.1904907226563,139.791717529297,41.8147621154785,83.3680725097656,256.179473876953,137.089584350586,179.712463378906,57.1065979003906,49.7388725280762,11,9,7,11,13,13,13,17,8,19,21,85.709831237793,66.4697189331055,49.0952453613281,76.8854370117188,90.5986480712891,90.3154067993164,90.0090026855469,116.526153564453,53.2481346130371,120.558372497559,130.564529418945,0,0,0,0,11,0,1,0,1,0,0,0,0,0,0,76.6603927612305,0,6.92376947402954,0,6.65601682662964,0,0,2,3,1,6,7,3,9,6,1,6,12,15.5836057662964,22.1565723419189,7.01360654830933,41.9375114440918,48.7838859558105,20.8420181274414,62.3139228820801,41.1268768310547,6.65601682662964,38.0710678100586,74.6083068847656,1,0,0,1,0,0,1,0,0,1,0,7.79180288314819,0,0,6.98958539962769,0,0,6.92376947402954,0,0,6.34517765045166,0,8,6,14,9,8,22,36,25,40,64,21,62.3344230651855,44.3131446838379,98.1904907226563,62.9062690734863,55.7530136108398,152.841461181641,249.25569152832,171.36198425293,266.240692138672,406.091369628906,130.564529418945,2,1,5,5,5,4,3,5,9,5,3,15.5836057662964,7.3855242729187,35.0680313110352,34.9479293823242,34.8456344604492,27.7893562316895,20.7713069915771,34.2723960876465,59.9041519165039,31.7258892059326,18.6520767211914,16084,1031682.44189453,5253.84815377906
11,East Willowdale,152,45,37,56,45,45,55,40,54,58,47,86,284.557983398438,231.858627319336,346.641906738281,278.948669433594,279.329620361328,341.869720458984,248.864562988281,333.477416992188,348.620544433594,269.851287841797,483.417663574219,17,19,32,14,14,30,23,47,45,88,41,107.499687194824,119.062538146973,198.081085205078,86.7840347290039,86.9025421142578,186.474395751953,143.097122192383,290.248870849609,270.4814453125,505.253479003906,230.466552734375,7,10,14,6,1,4,16,12,7,9,7,44.264575958252,62.664493560791,86.6604766845703,37.1931571960449,6.20732450485229,24.8632526397705,99.5458221435547,74.1060943603516,42.074893951416,51.6736526489258,39.3479499816895,69,58,54,73,56,54,36,26,40,73,54,436.322235107422,363.454071044922,334.261840820313,452.516723632813,347.610168457031,335.653900146484,223.978103637695,160.563201904297,240.427963256836,419.130737304688,303.541320800781,0,0,0,0,0,0,0,0,0,0,0,0,0,0,0,0,0,0,0,0,0,0,15,18,14,31,32,23,18,10,12,17,34,94.8526611328125,112.796089172363,86.6604766845703,192.164642333984,198.634384155273,142.96369934082,111.989051818848,61.7550811767578,72.1283874511719,97.6057891845703,191.118606567383,1,0,0,0,1,2,2,1,2,1,1,6.32351064682007,0,0,0,6.20732450485229,12.4316263198853,12.4432277679443,6.17550802230835,12.0213985443115,5.74151706695557,5.62113523483276,26,20,35,36,37,45,47,54,65,75,53,164.411285400391,125.328987121582,216.651184082031,223.158935546875,229.671005249023,279.711578369141,292.415863037109,333.477416992188,390.695434570313,430.61376953125,297.920166015625,3,4,3,6,3,9,4,5,13,14,11,18.9705333709717,25.0657978057861,18.5701026916504,37.1931571960449,18.6219730377197,55.9423179626465,24.8864555358887,30.8775405883789,78.1390838623047,80.381233215332,61.8324890136719,17790,3513794.26660156,7758.01613004612
12,Yonge-Doris,151,63,70,73,79,89,78,62,71,74,103,98,292.343383789063,323.909118652344,334.00439453125,363.803833007813,412.418914794922,363.873870849609,290.479766845703,331.203063964844,337.992156982422,450.923736572266,422.650634765625,7,4,4,10,19,26,18,37,42,45,31,32.4825973510742,18.5090923309326,18.3016109466553,46.0511169433594,88.0444869995117,121.291282653809,84.3328323364258,172.598785400391,191.833374023438,197.005523681641,133.695602416992,11,14,21,10,13,12,26,13,30,18,14,51.0440826416016,64.7818222045898,96.0834579467773,46.0511169433594,60.2409629821777,55.9805946350098,121.814094543457,60.6428146362305,137.023849487305,78.8022079467773,60.378662109375,8,8,12,10,7,22,27,19,17,16,18,37.1229705810547,37.0181846618652,54.9048309326172,46.0511169433594,32.437442779541,102.631088256836,126.499252319336,88.6318054199219,77.646842956543,70.0464019775391,77.6297073364258,0,0,0,0,0,0,0,0,0,1,0,0,0,0,0,0,0,0,0,0,4.37790012359619,0,7,10,22,16,27,20,11,25,9,14,21,32.4825973510742,46.2727317810059,100.65885925293,73.6817855834961,125.115844726563,93.3009872436523,51.5367317199707,116.620796203613,41.1071510314941,61.2906036376953,90.5679931640625,0,0,0,0,0,0,0,0,0,0,1,0,0,0,0,0,0,0,0,0,0,4.3127613067627,14,11,15,20,23,70,85,78,71,142,52,64.9651947021484,50.9000053405762,68.6310424804688,92.1022338867188,106.580169677734,326.553466796875,398.238372802734,363.856872558594,324.289764404297,621.661865234375,224.263595581055,4,4,6,7,6,15,9,9,12,18,17,18.5614852905273,18.5090923309326,27.4524154663086,32.235782623291,27.8035221099854,69.9757385253906,42.1664161682129,41.9834861755371,54.8095359802246,78.8022079467773,73.3169479370117,23187,471717.027099609,4845.44808882912
13,Fenside-Parkwoods,150,106,101,120,97,90,105,113,86,103,128,134,494.264678955078,472.890716552734,561.718872070313,454.14111328125,421.328582763672,492.033752441406,529.224426269531,399.832641601563,467.565490722656,556.424987792969,573.360168457031,19,16,17,29,10,21,21,33,37,40,78,88.594612121582,74.9133834838867,79.5768356323242,135.774139404297,46.8142890930176,98.4067459106445,98.3514404296875,153.42414855957,167.960418701172,173.882797241211,333.746948242188,1,4,8,8,2,4,2,5,3,7,3,4.66287422180176,18.7283458709717,37.447925567627,37.4549369812012,9.36285781860352,18.7441425323486,9.3668041229248,23.2460823059082,13.6184120178223,30.4294910430908,12.8364210128784,45,35,24,31,44,34,24,20,11,20,9,209.829345703125,163.873016357422,112.343772888184,145.137878417969,205.982864379883,159.325210571289,112.401649475098,92.9843292236328,49.9341773986816,86.9413986206055,38.5092620849609,0,0,0,0,1,1,0,1,0,1,0,0,0,0,0,4.68142890930176,4.68603563308716,0,4.6492166519165,0,4.34707021713257,0,5,17,22,28,16,25,5,8,9,13,11,23.3143711090088,79.5954666137695,102.981788635254,131.09228515625,74.9028625488281,117.150886535645,23.4170093536377,37.193733215332,40.8552360534668,56.5119094848633,47.0668792724609,0,2,2,5,1,1,3,3,3,1,1,0,9.36417293548584,9.36198139190674,23.4093360900879,4.68142890930176,4.68603563308716,14.0502061843872,13.9476499557495,13.6184120178223,4.34707021713257,4.27880716323853,55,53,44,53,24,74,49,45,59,38,31,256.458068847656,248.150573730469,205.963577270508,248.138961791992,112.354293823242,346.766632080078,229.486694335938,209.214752197266,267.828765869141,165.188659667969,132.643020629883,5,3,2,5,3,2,1,4,2,7,2,23.3143711090088,14.0462589263916,9.36198139190674,23.4093360900879,14.0442867279053,9.37207126617432,4.6834020614624,18.596866607666,9.07894134521484,30.4294910430908,8.55761432647705,23371,3315516.42041016,10299.715289467
14,Parkwoods-O'Connor Hills,149,47,45,52,56,46,57,37,52,67,96,67,325.417144775391,311.8935546875,359.463562011719,387.409210205078,318.691986083984,395.531188964844,257.212371826172,359.612731933594,454.823150634766,626.46826171875,432.481292724609,16,18,11,17,9,8,23,20,37,57,63,110.780311584473,124.757415771484,76.0403671264648,117.60636138916,62.3527793884277,55.5131492614746,159.888778686523,138.312591552734,251.171005249023,371.965545654297,406.661499023438,1,1,1,9,4,2,2,3,0,2,4,6.92376947402954,6.93096733093262,6.91276073455811,62.2621917724609,27.712345123291,13.8782873153687,13.9033718109131,20.7468872070313,0,13.0514230728149,25.8197784423828,25,26,22,35,34,34,24,17,18,35,30,173.09423828125,180.205154418945,152.08073425293,242.130752563477,235.554946899414,235.930892944336,166.840454101563,117.565696716309,122.191299438477,228.39990234375,193.648330688477,0,0,0,0,0,0,1,0,0,0,0,0,0,0,0,0,0,6.95168590545654,0,0,0,0,7,1,11,18,6,9,4,16,7,6,7,48.4663848876953,6.93096733093262,76.0403671264648,124.524383544922,41.5685195922852,62.4522933959961,27.8067436218262,110.65007019043,47.5188369750977,39.1542663574219,45.1846122741699,1,0,2,2,0,0,2,1,2,2,2,6.92376947402954,0,13.8255214691162,13.8360433578491,0,0,13.9033718109131,6.91562938690186,13.576810836792,13.0514230728149,12.9098892211914,37,44,44,50,32,29,37,29,28,27,31,256.179473876953,304.962585449219,304.161468505859,345.901062011719,221.698760986328,201.235168457031,257.212371826172,200.553253173828,190.075347900391,176.194198608398,200.103271484375,1,3,1,5,4,3,1,1,1,7,9,6.92376947402954,20.7929019927979,6.91276073455811,34.5901069641113,27.712345123291,20.8174304962158,6.95168590545654,6.91562938690186,6.788405418396,45.6799774169922,58.0945014953613,15492,4146976.81201172,11283.2781025206
15,East L'Amoreaux,148,56,86,82,84,74,89,104,79,77,82,80,246.468017578125,382.154296875,366.742706298828,376.15869140625,331.689819335938,399.586944580078,466.618804931641,351.314086914063,337.334625244141,345.903991699219,334.168762207031,7,8,13,11,13,14,14,19,46,53,75,30.8085021972656,35.5492362976074,58.1421356201172,49.2588768005371,58.269832611084,62.856372833252,62.8140716552734,84.4932632446289,201.52458190918,223.57209777832,313.283203125,0,2,2,2,4,2,1,2,3,7,3,0,8.88730907440186,8.94494342803955,8.9561595916748,17.9291801452637,8.97948169708252,4.48671913146973,8.89402770996094,13.1429071426392,29.5283889770508,12.5313282012939,35,50,20,33,35,40,23,14,24,26,36,154.042510986328,222.182723999023,89.4494400024414,147.776626586914,156.880325317383,179.589630126953,103.194541931152,62.2581939697266,105.143257141113,109.676872253418,150.375946044922,0,0,1,0,0,0,0,0,0,0,1,0,0,4.47247171401978,0,0,0,0,0,0,0,4.1771092414856,30,14,17,14,21,44,11,7,7,10,9,132.036437988281,62.2111625671387,76.0320205688477,62.6931190490723,94.1281967163086,197.548599243164,49.3539123535156,31.1290969848633,30.666784286499,42.1834144592285,37.5939865112305,1,1,2,1,1,3,3,2,2,4,2,4.40121459960938,4.44365453720093,8.94494342803955,4.4780797958374,4.48229503631592,13.4692230224609,13.4601583480835,8.89402770996094,8.76193809509277,16.8733654022217,8.35421848297119,44,32,28,26,33,26,34,17,35,40,31,193.653442382813,142.19694519043,125.229217529297,116.430076599121,147.915725708008,116.733261108398,152.548461914063,75.599235534668,153.333923339844,168.733657836914,129.490386962891,3,7,2,3,6,2,2,4,11,6,1,13.2036437988281,31.1055812835693,8.94494342803955,13.4342393875122,26.8937702178955,8.97948169708252,8.97343826293945,17.7880554199219,48.1906585693359,25.3100471496582,4.1771092414856,23940,3694316.38647461,8619.11862856782
16,L'Amoreaux West,147,69,79,95,103,93,113,85,101,99,119,116,304.259643554688,350.923950195313,415.536712646484,452.806976318359,411.104248046875,502.289184570313,379.362670898438,448.171813964844,432.938293457031,501.749786376953,484.221069335938,11,12,15,14,19,26,21,19,31,64,55,48.5051574707031,53.3049049377441,65.6110610961914,61.5465774536133,83.9890365600586,115.57096862793,93.7248916625977,84.3095474243164,135.566543579102,269.8486328125,229.58757019043,2,1,5,7,7,6,5,7,3,8,11,8.81911945343018,4.44207525253296,21.8703517913818,30.7732887268066,30.9433288574219,26.670223236084,22.315450668335,31.0614128112793,13.1193418502808,33.7310791015625,45.9175148010254,33,34,30,40,41,46,25,17,17,27,41,145.515472412109,151.030563354492,131.222122192383,175.847366333008,181.239501953125,204.471710205078,111.577255249023,75.4348602294922,74.3429412841797,113.842391967773,171.147109985352,1,0,1,1,0,0,3,0,1,1,0,4.40955972671509,0,4.37407064437866,4.39618396759033,0,0,13.3892707824707,0,4.37311410903931,4.21638488769531,0,25,24,23,27,22,21,16,8,10,19,28,110.238998413086,106.609809875488,100.603622436523,118.696968078613,97.2504653930664,93.3457794189453,71.4094467163086,35.4987564086914,43.7311401367188,80.1113128662109,116.880950927734,1,3,5,11,6,6,8,3,4,1,3,4.40955972671509,13.326226234436,21.8703517913818,48.358024597168,26.5228538513184,26.670223236084,35.7047233581543,13.3120336532593,17.4924564361572,4.21638488769531,12.5229587554932,36,36,24,33,34,32,39,37,49,47,33,158.744155883789,159.91471862793,104.977691650391,145.074081420898,150.296173095703,142.241180419922,174.060516357422,164.181747436523,214.282592773438,198.17008972168,137.752548217773,1,2,2,3,3,0,3,3,5,2,9,4.40955972671509,8.88415050506592,8.74814128875732,13.188551902771,13.2614269256592,0,13.3892707824707,13.3120336532593,21.8655700683594,8.43276977539063,37.5688781738281,23956,3460788.24389648,8739.66543079542
17,Malvern East,146,140,192,167,180,174,216,166,140,129,145,142,514.592346191406,713.807739257813,626.477111816406,673.274719238281,648.93896484375,803.481750488281,615.864074707031,514.308776855469,464.229156494141,501.071258544922,484.211975097656,18,13,18,27,35,40,42,43,45,65,77,66.1618728637695,48.3307304382324,67.5244750976563,100.9912109375,130.53369140625,148.792922973633,155.821029663086,157.966278076172,161.940399169922,224.618148803711,262.565643310547,5,4,5,3,2,2,3,7,1,6,10,18.3782997131348,14.8709945678711,18.756799697876,11.221245765686,7.45906829833984,7.43964576721191,11.1300735473633,25.7154407501221,3.59867572784424,20.7339820861816,34.0994338989258,29,22,41,23,33,15,14,20,16,33,14,106.594131469727,81.7904663085938,153.805755615234,86.0295486450195,123.074630737305,55.7973442077637,51.9403419494629,73.4726867675781,57.5788116455078,114.036903381348,47.7392082214355,0,0,4,2,1,0,1,1,1,0,0,0,0,15.0054397583008,7.48083019256592,3.72953414916992,0,3.71002459526062,3.67363429069519,3.59867572784424,0,0,24,28,29,33,32,23,16,22,17,20,17,88.2158355712891,104.096961975098,108.789436340332,123.433700561523,119.345092773438,85.5559310913086,59.3603935241699,80.819953918457,61.1774864196777,69.1132736206055,57.9690361022949,2,4,9,6,7,5,9,4,5,3,5,7.35131978988647,14.8709945678711,33.7622375488281,22.4424915313721,26.1067390441895,18.5991153717041,33.3902206420898,14.6945371627808,17.9933776855469,10.3669910430908,17.0497169494629,29,20,27,52,26,36,61,26,72,52,36,106.594131469727,74.3549728393555,101.286712646484,194.501586914063,96.967887878418,133.913619995117,226.311492919922,95.5144958496094,259.104644775391,179.694519042969,122.757965087891,6,1,2,3,5,3,4,2,8,0,7,22.0539588928223,3.71774864196777,7.50271987915039,11.221245765686,18.6476707458496,11.1594686508179,14.8400983810425,7.34726858139038,28.7894058227539,0,23.8696041107178,29326,4832296.86474609,12117.7805678935
18,Malvern West,145,79,91,113,111,104,120,73,91,84,92,103,422.663299560547,490.486724853516,612.399719238281,604.871643066406,569.488525390625,661.229858398438,403.805725097656,501.405029296875,454.619262695313,479.641326904297,531.009948730469,7,18,18,30,26,38,24,22,55,55,64,37.4511795043945,97.0193481445313,97.5503997802734,163.47883605957,142.372131347656,209.389465332031,132.758041381836,121.218803405762,297.667358398438,286.742095947266,329.947937011719,2,3,3,4,2,5,4,1,3,2,1,10.7003374099731,16.1698913574219,16.2583999633789,21.797176361084,10.9517030715942,27.5512447357178,22.1263408660889,5.50994539260864,16.2364025115967,10.4269847869873,5.15543651580811,34,21,24,12,31,29,11,14,8,16,17,181.905731201172,113.189239501953,130.067199707031,65.3915328979492,169.751403808594,159.797225952148,60.8474388122559,77.1392364501953,43.2970733642578,83.4158782958984,87.6424179077148,0,0,0,0,2,1,0,2,0,0,0,0,0,0,0,10.9517030715942,5.51024913787842,0,11.0198907852173,0,0,0,15,20,34,32,21,25,8,20,15,14,15,80.2525253295898,107.799278259277,184.261871337891,174.377410888672,114.992881774902,137.756225585938,44.2526817321777,110.198905944824,81.1820068359375,72.9888916015625,77.33154296875,2,3,1,2,4,8,6,6,2,3,4,10.7003374099731,16.1698913574219,5.41946649551392,10.898588180542,21.9034061431885,44.0819931030273,33.189510345459,33.0596733093262,10.8242683410645,15.640477180481,20.6217460632324,39,32,38,41,42,45,31,24,32,47,27,208.65657043457,172.478851318359,205.939743041992,223.42106628418,229.985763549805,247.961212158203,171.479141235352,132.238693237305,173.188293457031,245.034149169922,139.19677734375,4,3,6,4,11,6,2,2,3,2,5,21.4006748199463,16.1698913574219,32.5167999267578,21.797176361084,60.2343673706055,33.0614929199219,11.0631704330444,11.0198907852173,16.2364025115967,10.4269847869873,25.7771816253662,19397,4029796.08544922,9154.55328825327
19,Morningside Heights,144,101,116,86,101,109,112,82,88,101,121,128,381.679382324219,439.061309814453,325.006622314453,383.490905761719,416.046417236328,429.431396484375,315.627410888672,336.777648925781,380.672393798828,438.882843017578,459.522521972656,31,23,16,24,46,54,43,76,132,157,129,117.149116516113,87.0552597045898,60.4663467407227,91.1265487670898,175.579223632813,207.047271728516,165.511932373047,290.853424072266,497.512451171875,569.459533691406,463.112548828125,3,3,1,1,2,0,0,4,2,1,2,11.3370113372803,11.3550338745117,3.77914667129517,3.79693961143494,7.6338791847229,0,0,15.3080749511719,7.53806734085083,3.62713098526001,7.18003940582275,39,40,42,30,45,36,19,25,24,33,39,147.381149291992,151.400451660156,158.724166870117,113.908187866211,171.762283325195,138.031524658203,73.1331787109375,95.6754684448242,90.4568099975586,119.695320129395,140.010772705078,1,0,0,4,0,0,0,1,0,0,0,3.77900385856628,0,0,15.1877584457397,0,0,0,3.82701873779297,0,0,0,15,26,26,24,19,14,16,12,27,23,23,56.68505859375,98.4102935791016,98.2578125,91.1265487670898,72.5218505859375,53.6789245605469,61.5858345031738,45.9242248535156,101.76390838623,83.4240112304688,82.5704574584961,2,5,5,8,2,3,4,3,2,8,12,7.55800771713257,18.9250564575195,18.8957328796387,30.3755168914795,7.6338791847229,11.5026264190674,15.3964586257935,11.4810562133789,7.53806734085083,29.0170478820801,43.0802383422852,42,40,39,66,51,46,76,54,55,70,53,158.718154907227,151.400451660156,147.38671875,250.598022460938,194.663925170898,176.373611450195,292.53271484375,206.65901184082,207.296844482422,253.899169921875,190.271041870117,7,6,10,6,11,9,7,7,14,16,12,26.4530277252197,22.7100677490234,37.7914657592773,22.7816371917725,41.9863357543945,34.5078811645508,26.9438037872314,26.7891311645508,52.766471862793,58.0340957641602,43.0802383422852,27855,28954808.4042969,24951.3249377008
20,West Rouge,143,84,60,61,89,86,74,66,67,62,68,84,399.429382324219,285.659881591797,284.236511230469,414.454681396484,399.925598144531,344.154022216797,306.378234863281,308.386260986328,277.330474853516,289.103363037109,349.403106689453,30,29,7,8,14,31,20,38,68,102,83,142.653350830078,138.068939208984,32.6173057556152,37.2543525695801,65.1041641235352,144.172637939453,92.8418884277344,174.905639648438,304.168914794922,433.655029296875,345.243530273438,7,4,12,7,20,8,7,3,4,4,3,33.2857818603516,19.0439910888672,55.9153823852539,32.5975608825684,93.0059509277344,37.2058410644531,32.4946632385254,13.8083400726318,17.8922882080078,17.0060787200928,12.4786825180054,36,33,34,41,36,23,19,22,22,26,21,171.184020996094,157.112930297852,158.426910400391,190.928558349609,167.410720825195,106.966796875,88.1997985839844,101.261161804199,98.407585144043,110.539520263672,87.3507766723633,0,0,0,0,0,0,1,1,0,1,0,0,0,0,0,0,0,4.64209461212158,4.60277986526489,0,4.25151968002319,0,12,9,9,20,13,20,26,7,14,22,17,57.0613403320313,42.8489799499512,41.9365348815918,93.1358871459961,60.4538688659668,93.0146026611328,120.694458007813,32.2194595336914,62.6230087280273,93.5334396362305,70.712532043457,0,1,1,0,1,3,2,6,3,3,1,0,4.7609977722168,4.65961503982544,0,4.65029764175415,13.9521903991699,9.28418922424316,27.6166801452637,13.4192161560059,12.7545595169067,4.1595606803894,66,30,41,65,56,40,53,31,57,47,39,313.837371826172,142.829940795898,191.044219970703,302.691619873047,260.416656494141,186.029205322266,246.031005859375,142.686187744141,254.965103149414,199.821441650391,162.222869873047,3,2,3,5,5,4,3,4,4,4,4,14.2653350830078,9.52199554443359,13.9788455963135,23.283971786499,23.2514877319336,18.6029205322266,13.9262838363647,18.4111194610596,17.8922882080078,17.0060787200928,16.6382427215576,24041,8582951.7434082,19556.4293993429
21,Woburn North,142,155,177,173,185,195,217,185,181,190,187,215,555.794616699219,636.050048828125,619.760681152344,663.86767578125,700.733093261719,781.559509277344,667.364074707031,649.44384765625,674.859680175781,644.671997070313,739.441467285156,26,16,22,22,25,40,63,56,107,105,84,93.2300643920898,57.4960479736328,78.8134994506836,78.9464263916016,89.8375701904297,144.066268920898,227.264526367188,200.932907104492,380.052581787109,361.981597900391,288.898071289063,5,3,2,8,5,4,0,4,9,13,6,17.9288578033447,10.7805089950562,7.16486358642578,28.7077903747559,17.9675140380859,14.406626701355,0,14.3523502349854,31.9670391082764,44.8167686462402,20.6355762481689,65,89,42,38,61,60,25,28,35,45,30,233.075164794922,319.82177734375,150.462127685547,136.361999511719,219.203674316406,216.099411010742,90.1843338012695,100.466453552246,124.316261291504,155.134963989258,103.177879333496,1,2,0,0,0,0,1,0,2,2,0,3.58577156066895,7.1870059967041,0,0,0,0,3.60737347602844,0,7.10378646850586,6.89488744735718,0,44,40,35,54,38,19,26,12,26,23,27,157.773956298828,143.740112304688,125.385108947754,193.777587890625,136.553115844727,68.4314804077148,93.7917098999023,43.0570487976074,92.3492202758789,79.2912063598633,92.8600921630859,1,3,2,5,5,2,2,7,7,5,8,3.58577156066895,10.7805089950562,7.16486358642578,17.9423694610596,17.9675140380859,7.20331335067749,7.21474695205688,25.1166133880615,24.8632526397705,17.2372188568115,27.5141010284424,61,59,55,68,81,99,80,78,104,92,91,218.732070922852,212.016677856445,197.033752441406,244.016220092773,291.07373046875,356.564025878906,288.589874267578,279.870819091797,369.396881103516,317.164825439453,312.972900390625,8,8,9,14,10,4,13,8,12,10,9,28.6861724853516,28.7480239868164,32.241886138916,50.2386322021484,35.9350280761719,14.406626701355,46.8958549499512,28.7047004699707,42.6227188110352,34.474437713623,30.9533634185791,29076,6299193.6628418,13078.7346420878
22,Golfdale-Cedarbrae-Woburn,141,198,219,194,222,195,217,167,183,194,195,192,732.221435546875,813.068481445313,712.999389648438,807.478271484375,702.72802734375,776.525329589844,592.787170410156,640.24072265625,665.089660644531,641.236450195313,623.417114257813,22,19,10,26,33,21,37,51,75,77,62,81.3579406738281,70.5401916503906,36.7525444030762,94.5695266723633,118.923202514648,75.1476135253906,131.336074829102,178.427734375,257.122283935547,253.206176757813,201.311767578125,6,4,15,10,3,2,3,2,2,8,5,22.1885280609131,14.8505659103394,55.1288185119629,36.3728942871094,10.8112001419067,7.15691518783569,10.648871421814,6.9971661567688,6.85659456253052,26.3071365356445,16.2348213195801,55,58,38,48,38,40,40,27,29,24,35,203.39485168457,215.333206176758,139.65966796875,174.589889526367,136.941879272461,143.138305664063,141.984954833984,94.4617462158203,99.4206161499023,78.9214096069336,113.643745422363,2,1,0,0,0,0,1,2,1,1,0,7.3961763381958,3.71264147758484,0,0,0,0,3.54962372779846,6.9971661567688,3.42829728126526,3.28839206695557,0,41,47,38,72,38,47,28,21,15,30,31,151.621612548828,174.494155883789,139.65966796875,261.884857177734,136.941879272461,168.187515258789,99.3894653320313,73.4702453613281,51.4244575500488,98.6517562866211,100.655883789063,1,3,1,2,8,11,12,13,7,3,2,3.6980881690979,11.1379241943359,3.67525458335876,7.27457904815674,28.8298683166504,39.3630332946777,42.5954856872559,45.4815788269043,23.9980792999268,9.8651762008667,6.49392795562744,36,56,49,48,68,62,64,61,105,76,52,133.131164550781,207.907928466797,180.087478637695,174.589889526367,245.05387878418,221.864379882813,227.175918579102,213.41357421875,359.97119140625,249.917785644531,168.842132568359,3,5,5,10,4,4,4,5,7,9,6,11.0942640304565,18.5632076263428,18.3762722015381,36.3728942871094,14.4149341583252,14.3138303756714,14.1984949111938,17.4929161071777,23.9980792999268,29.5955276489258,19.4817848205566,30798,6035001.79516602,13482.5565275689
23,Guildwood,140,51,39,44,44,47,30,37,36,37,56,36,515.255615234375,394.577087402344,433.454833984375,434.181976318359,464.426879882813,297.088531494141,367.063507080078,355.134643554688,359.432678222656,524.983581542969,334.821441650391,2,0,4,5,2,3,11,13,9,23,17,20.2061023712158,0,39.4049835205078,49.3388595581055,19.762845993042,29.7088527679443,109.126983642578,128.243072509766,87.429573059082,215.618255615234,158.110122680664,3,2,6,2,1,2,4,0,2,2,4,30.3091526031494,20.2347221374512,59.1074752807617,19.7355442047119,9.881422996521,19.8059024810791,39.6825408935547,0,19.4287929534912,18.7494144439697,37.2023811340332,13,20,18,10,16,10,3,7,6,9,15,131.339660644531,202.347229003906,177.32243347168,98.6777191162109,158.102767944336,99.0295104980469,29.761905670166,69.0539627075195,58.2863807678223,84.3723602294922,139.508926391602,0,0,0,0,0,1,0,2,0,0,0,0,0,0,0,0,9.90295124053955,0,19.7297039031982,0,0,0,16,6,8,10,5,7,3,4,6,1,9,161.648818969727,60.7041702270508,78.8099670410156,98.6777191162109,49.4071159362793,69.3206558227539,29.761905670166,39.4594078063965,58.2863807678223,9.37470722198486,83.7053604125977,0,0,0,0,2,0,1,0,1,0,1,0,0,0,0,19.762845993042,0,9.92063522338867,0,9.71439647674561,0,9.3005952835083,23,59,31,40,28,28,34,33,52,29,21,232.370178222656,596.92431640625,305.388641357422,394.710876464844,276.679840087891,277.282623291016,337.301574707031,325.540100097656,505.148620605469,271.866516113281,195.3125,1,2,1,4,1,1,1,0,2,4,2,10.1030511856079,20.2347221374512,9.85124588012695,39.4710884094238,9.881422996521,9.90295124053955,9.92063522338867,0,19.4287929534912,37.4988288879395,18.6011905670166,10752,3806075.71142578,9795.21470783135
24,Scarborough Village,139,161,152,191,149,179,174,180,120,156,154,158,948.0068359375,897.390502929688,1109.88439941406,864.419555664063,1036.95983886719,1006.47845458984,1039.80126953125,687.324584960938,874.488464355469,827.690002441406,837.663024902344,20,15,9,21,20,20,23,26,25,46,64,117.764823913574,88.5582733154297,52.2982177734375,121.830947875977,115.861427307129,115.68717956543,132.863494873047,148.920333862305,140.142379760742,247.232070922852,339.306549072266,2,2,2,7,0,2,9,5,9,6,6,11.7764825820923,11.8077697753906,11.621826171875,40.6103134155273,0,11.568717956543,51.990062713623,28.6385250091553,50.4512596130371,32.2476615905762,31.8099880218506,50,48,34,32,45,40,28,22,20,35,31,294.412048339844,283.386474609375,197.571044921875,185.647155761719,260.688201904297,231.374359130859,161.746871948242,126.009506225586,112.113906860352,188.111358642578,164.351608276367,1,0,6,1,0,0,1,0,0,0,3,5.88824129104614,0,34.865478515625,5.80147361755371,0,0,5.77667379379272,0,0,0,15.9049940109253,30,34,25,24,11,28,17,15,9,24,28,176.647232055664,200.732086181641,145.272827148438,139.235366821289,63.7237854003906,161.962051391602,98.2034530639648,85.9155731201172,50.4512596130371,128.990646362305,148.44660949707,1,2,3,5,2,6,3,3,1,2,5,5.88824129104614,11.8077697753906,17.4327392578125,29.0073680877686,11.586142539978,34.7061538696289,17.330020904541,17.1831150054932,5.60569524765015,10.7492208480835,26.5083236694336,56,24,35,47,53,56,90,62,51,71,50,329.741516113281,141.693237304688,203.381958007813,272.669250488281,307.032775878906,323.924102783203,519.900634765625,355.117706298828,285.890472412109,381.597320556641,265.083221435547,3,2,2,4,4,2,7,6,8,5,7,17.6647243499756,11.8077697753906,11.621826171875,23.2058944702148,23.1722850799561,11.568717956543,40.4367179870605,34.3662300109863,44.8455619812012,26.8730525970459,37.1116523742676,18862,3151549.07714844,7924.29719984002
25,Eglinton East,138,189,181,208,208,187,197,153,162,174,170,200,818.997253417969,788.155883789063,887.940246582031,885.747131347656,794.932861328125,836.553588867188,648.250122070313,679.444702148438,715.254638671875,670.981994628906,779.058898925781,19,21,21,30,13,27,33,42,45,51,67,82.3330612182617,91.4435043334961,89.6478118896484,127.751991271973,55.2627105712891,114.65454864502,139.818664550781,176.152328491211,184.979644775391,201.29460144043,260.984741210938,1,3,2,5,1,5,11,2,7,16,15,4.33331871032715,13.0633573532104,8.53788661956787,21.2919979095459,4.25097751617432,21.2323246002197,46.6062202453613,8.38820648193359,28.7746124267578,63.1512489318848,58.4294166564941,41,76,65,56,45,58,23,30,39,53,35,177.666076660156,330.938385009766,277.481323242188,238.47038269043,191.293991088867,246.294952392578,97.4493713378906,125.823089599609,160.315704345703,209.188507080078,136.335311889648,0,0,0,1,1,2,2,3,1,1,0,0,0,0,4.25839948654175,4.25097751617432,8.49292945861816,8.47385787963867,12.5823097229004,4.11065912246704,3.9469530582428,0,68,47,46,37,35,36,24,17,25,35,34,294.665679931641,204.659271240234,196.371398925781,157.560791015625,148.784225463867,152.87272644043,101.686294555664,71.2997512817383,102.766471862793,138.143356323242,132.440017700195,4,2,3,12,2,7,11,8,6,3,2,17.3332748413086,8.70890522003174,12.806830406189,51.1007957458496,8.50195503234863,29.7252540588379,46.6062202453613,33.5528259277344,24.6639537811279,11.8408584594727,7.79058885574341,29,49,42,53,67,63,93,50,105,98,77,125.666244506836,213.3681640625,179.295623779297,225.695190429688,284.815521240234,267.527282714844,394.034393310547,209.705154418945,431.619201660156,386.801391601563,299.937683105469,8,3,6,1,6,8,8,1,9,8,13,34.6665496826172,13.0633573532104,25.6136608123779,4.25839948654175,25.5058670043945,33.9717178344727,33.8954315185547,4.1941032409668,36.9959297180176,31.5756244659424,50.6388282775879,25672,3223275.52856445,10015.4753541574
26,West Hill,136,348,395,422,401,422,439,336,328,382,441,408,1262.33312988281,1429.34680175781,1498.419921875,1412.56872558594,1474.23583984375,1521.40014648438,1155.0361328125,1111.18640136719,1264.23083496094,1398.57922363281,1275,22,18,15,31,27,46,55,75,60,81,91,79.8026733398438,65.1347961425781,53.2613716125488,109.201072692871,94.3231430053711,159.417785644531,189.068405151367,254.082260131836,198.570297241211,256.881896972656,284.375,16,16,25,13,7,12,11,18,17,15,17,58.0383033752441,57.8975944519043,88.7689514160156,45.7939987182617,24.4541492462158,41.5872459411621,37.8136825561523,60.9797401428223,56.2615814208984,47.5707206726074,53.125,89,66,72,87,103,77,57,70,45,55,69,322.838073730469,238.827575683594,255.654586791992,306.467529296875,359.825317382813,266.851501464844,195.943618774414,237.143432617188,148.927719116211,174.425979614258,215.625,0,2,0,0,1,2,2,0,1,2,2,0,7.23719930648804,0,0,3.49344968795776,6.93120765686035,6.87521505355835,0,3.30950498580933,6.34276294708252,6.25,63,64,77,65,50,72,36,43,63,56,45,228.525833129883,231.590377807617,273.408386230469,228.969985961914,174.672485351563,249.523483276367,123.753868103027,145.673828125,208.498809814453,177.597366333008,140.625,0,1,6,3,5,9,7,5,7,11,5,0,3.61859965324402,21.3045482635498,10.5678453445435,17.467248916626,31.1904354095459,24.0632514953613,16.9388160705566,23.1665344238281,34.885196685791,15.625,59,67,64,110,77,57,128,141,148,147,105,214.016250610352,242.446166992188,227.248519897461,387.487670898438,268.995635986328,197.539428710938,440.013763427734,477.674652099609,489.806732177734,466.193084716797,328.125,7,6,8,10,5,4,9,4,13,20,17,25.3917579650879,21.711597442627,28.4060649871826,35.2261505126953,17.467248916626,13.8624153137207,30.9384670257568,13.5510540008545,43.0235633850098,63.4276275634766,53.125,32000,9625559.96142578,14978.3491442572
27,Morningside,135,124,140,164,158,134,179,103,83,125,130,175,695.418090820313,789.310485839844,912.073852539063,875.249267578125,739.391906738281,984.111267089844,564.692993164063,451.160522460938,672.223693847656,678.95751953125,912.123413085938,21,17,14,12,11,8,32,33,52,50,57,117.772415161133,95.844841003418,77.8599624633789,66.4746322631836,60.6963539123535,43.9826278686523,175.438598632813,179.377075195313,279.645080566406,261.137512207031,297.091644287109,6,3,3,0,1,1,0,0,1,2,0,33.6492614746094,16.9137954711914,16.6842784881592,0,5.51785039901733,5.49782848358154,0,0,5.37778949737549,10.4455003738403,0,30,20,19,16,19,17,18,16,11,8,10,168.246307373047,112.758636474609,105.667091369629,88.6328353881836,104.839157104492,93.4630813598633,98.684211730957,86.970703125,59.1556854248047,41.7820014953613,52.121337890625,0,1,1,0,1,1,1,0,1,0,1,0,5.63793182373047,5.56142616271973,0,5.51785039901733,5.49782848358154,5.48245620727539,0,5.37778949737549,0,5.21213388442993,17,27,10,19,14,18,8,5,15,3,11,95.3395767211914,152.224166870117,55.6142578125,105.251495361328,77.2499008178711,98.9609069824219,43.8596496582031,27.1783447265625,80.6668472290039,15.6682510375977,57.3334732055664,2,0,2,1,1,3,8,3,7,4,8,11.2164211273193,0,11.1228523254395,5.53955221176147,5.51785039901733,16.4934844970703,43.8596496582031,16.3070068359375,37.6445274353027,20.8910007476807,41.6970710754395,25,34,20,36,34,34,27,21,110,49,41,140.205261230469,191.689682006836,111.228515625,199.423889160156,187.606903076172,186.926162719727,148.026321411133,114.149047851563,591.556884765625,255.914764404297,213.697494506836,1,1,0,2,2,4,2,1,3,3,1,5.60821056365967,5.63793182373047,0,11.0791044235229,11.0357007980347,21.9913139343262,10.9649124145508,5.4356689453125,16.1333694458008,15.6682510375977,5.21213388442993,19186,5740235.78442383,13214.7856963155
28,Highland Creek,134,52,51,71,68,50,63,33,38,60,65,70,395.617767333984,392.972717285156,552.529174804688,527.009216308594,385.951354980469,485.137847900391,253.028671264648,288.009704589844,439.657073974609,452.614715576172,474.769409179688,25,11,8,14,19,27,15,30,44,62,60,190.20085144043,84.7588195800781,62.2568092346191,108.501899719238,146.661514282227,207.916213989258,115.013031005859,227.376083374023,322.415191650391,431.724822998047,406.945190429688,14,11,15,2,0,3,0,0,3,3,5,106.512474060059,84.7588195800781,116.731513977051,15.5002708435059,0,23.1018028259277,0,0,21.982852935791,20.8899097442627,33.9120979309082,28,36,35,29,30,33,14,5,14,14,16,213.024948120117,277.392517089844,272.37353515625,224.753936767578,231.570816040039,254.119827270508,107.345497131348,37.8960151672363,102.586647033691,97.4862442016602,108.51872253418,0,1,0,0,0,1,0,1,0,0,0,0,7.70534753799438,0,0,0,7.70060062408447,0,7.57920265197754,0,0,0,18,31,11,17,5,14,2,2,2,3,12,136.944610595703,238.865768432617,85.6031112670898,131.752304077148,38.5951385498047,107.808410644531,15.3350715637207,15.1584053039551,14.6552352905273,20.8899097442627,81.3890380859375,0,2,0,1,2,0,0,0,0,3,4,0,15.4106950759888,0,7.75013542175293,15.4380550384521,0,0,0,0,20.8899097442627,27.1296806335449,27,27,32,52,21,44,46,24,35,21,26,205.416915893555,208.044387817383,249.027236938477,403.007049560547,162.099578857422,338.826416015625,352.706634521484,181.900863647461,256.466613769531,146.229370117188,176.342926025391,3,5,1,1,3,1,2,1,2,2,3,22.8241024017334,38.5267372131348,7.78210115432739,7.75013542175293,23.1570816040039,7.70060062408447,15.3350715637207,7.57920265197754,14.6552352905273,13.926607131958,20.3472595214844,14744,5248155.98242188,9914.98844002922
29,Centennial Scarborough,133,50,38,48,46,44,49,47,37,39,38,50,365.764434814453,277.838714599609,349.879730224609,334.545440673828,319.535217285156,355.433044433594,340.431701660156,265.442291259766,274.860809326172,257.976928710938,335.976348876953,8,7,5,9,10,22,10,23,26,47,28,58.5223121643066,51.1808128356934,36.4458045959473,65.4545440673828,72.6216430664063,159.582183837891,72.4322738647461,165.004669189453,183.240539550781,319.076721191406,188.146759033203,1,2,6,4,6,3,3,0,0,0,2,7.31528902053833,14.6230897903442,43.7349662780762,29.0909099578857,43.5729866027832,21.7612075805664,21.7296829223633,0,0,0,13.4390535354614,13,15,18,23,16,29,8,5,21,17,19,95.0987548828125,109.67317199707,131.204895019531,167.272720336914,116.194625854492,210.358337402344,57.9458198547363,35.8705787658691,148.001968383789,115.41072845459,127.671012878418,0,0,0,1,1,0,0,0,0,0,0,0,0,0,7.27272748947144,7.26216411590576,0,0,0,0,0,0,9,3,11,12,6,1,3,6,0,7,5,65.8376007080078,21.9346351623535,80.1807708740234,87.2727279663086,43.5729866027832,7.25373554229736,21.7296829223633,43.0446929931641,0,47.5220642089844,33.5976333618164,0,0,2,0,2,0,1,0,0,0,1,0,0,14.5783224105835,0,14.5243282318115,0,7.24322748184204,0,0,0,6.71952676773071,35,13,47,44,29,33,40,36,59,29,37,256.035125732422,95.0500869750977,342.590576171875,320,210.602752685547,239.373275756836,289.729095458984,258.268157958984,415.815063476563,196.87712097168,248.622497558594,1,1,1,4,2,3,1,2,4,2,5,7.31528902053833,7.31154489517212,7.28916120529175,29.0909099578857,14.5243282318115,21.7612075805664,7.24322748184204,14.3482313156128,28.1908512115479,13.5777320861816,33.5976333618164,14882,5468418.83447266,12073.7931148408
30,Milliken,130,71,90,89,75,74,98,84,63,66,89,116,260.531341552734,333.000335693359,325.435119628906,278.582580566406,279.38232421875,375.882171630859,326.848236083984,246.238037109375,255.338897705078,332.672973632813,430.874389648438,38,43,35,60,89,85,69,80,107,305,180,139.439300537109,159.100158691406,127.980110168457,222.866058349609,336.013885498047,326.020263671875,268.482482910156,312.683227539063,413.958526611328,1140.05908203125,668.59814453125,2,1,0,3,4,3,1,8,1,3,2,7.33891105651855,3.7000036239624,0,11.1433029174805,15.1017484664917,11.5065975189209,3.8910505771637,31.2683219909668,3.86877131462097,11.213695526123,7.42886877059937,102,117,67,113,120,132,60,89,63,76,69,374.284454345703,432.900421142578,244.990493774414,419.731079101563,453.052429199219,506.290283203125,233.463027954102,347.860076904297,243.73258972168,284.080291748047,256.295959472656,0,0,0,0,0,1,0,1,1,0,0,0,0,0,0,0,3.83553242683411,0,3.90854024887085,3.86877131462097,0,0,38,39,37,29,17,36,32,16,33,36,57,139.439300537109,144.300140380859,135.293258666992,107.718597412109,64.1824264526367,138.079162597656,124.513618469238,62.5366439819336,127.669448852539,134.564346313477,211.722747802734,0,2,1,0,2,1,1,6,4,3,12,0,7.4000072479248,3.65657448768616,0,7.55087423324585,3.83553242683411,3.8910505771637,23.4512405395508,15.4750852584839,11.213695526123,44.5732116699219,64,63,43,75,77,85,84,67,83,89,89,234.845153808594,233.100234985352,157.232711791992,278.582580566406,290.708648681641,326.020263671875,326.848236083984,261.872192382813,321.108001708984,332.672973632813,330.584655761719,16,14,9,19,18,22,12,8,12,24,21,58.7112884521484,51.8000526428223,32.9091720581055,70.5742492675781,67.9578628540039,84.3817138671875,46.6926078796387,31.2683219909668,46.4252548217773,89.7095642089844,78.0031204223633,26922,9478036.39282227,16781.6326037786
31,Agincourt North,129,67,77,82,75,80,81,74,62,78,82,74,221.209716796875,257.275543212891,274.091644287109,252.993759155273,272.025573730469,277.920745849609,255.586639404297,213.881607055664,266.220703125,270.877380371094,243.213043212891,17,29,18,33,42,42,63,52,49,125,128,56.1278381347656,96.8959884643555,60.1664619445801,111.317253112793,142.813430786133,144.107055664063,217.594024658203,179.384567260742,167.241195678711,412.922821044922,420.692840576172,4,7,2,0,1,1,1,2,0,4,5,13.2065505981445,23.3886871337891,6.68516206741333,0,3.40031957626343,3.43112015724182,3.45387363433838,6.89940643310547,0,13.2135305404663,16.433313369751,46,54,49,49,69,56,17,18,24,44,31,151.875335693359,180.427017211914,163.786468505859,165.289260864258,234.622055053711,192.142730712891,58.7158508300781,62.0946617126465,81.9140548706055,145.348831176758,101.886543273926,1,0,0,0,0,0,0,0,0,0,2,3.30163764953613,0,0,0,0,0,0,0,0,0,6.57332563400269,36,37,15,22,44,37,17,7,11,14,43,118.858955383301,123.625915527344,50.1387176513672,74.2115020751953,149.614059448242,126.951446533203,58.7158508300781,24.1479225158691,37.5439453125,46.2473564147949,141.32649230957,0,0,1,1,0,2,2,0,1,1,7,0,0,3.34258103370667,3.37325000762939,0,6.86224031448364,6.90774726867676,0,3.41308569908142,3.30338263511658,23.0066394805908,63,47,48,96,69,69,60,32,45,30,43,208.003173828125,157.038330078125,160.443893432617,323.832000732422,234.622055053711,236.747299194336,207.232406616211,110.390502929688,153.5888671875,99.1014785766602,141.32649230957,1,6,5,11,4,3,5,2,3,5,11,3.30163764953613,20.0474452972412,16.7129058837891,37.1057510375977,13.6012783050537,10.293360710144,17.2693672180176,6.89940643310547,10.2392568588257,16.5169124603271,36.1532897949219,30426,7262015.77636719,12381.356330836
32,Agincourt South-Malvern West,128,104,103,130,111,117,121,127,152,175,190,178,439.764892578125,430.836151123047,530.958984375,449.993927001953,471.261138916016,484.193664550781,504.5087890625,594.167785644531,652.619812011719,662.991149902344,597.335510253906,33,29,27,35,38,58,63,39,82,129,89,139.540786743164,121.303382873535,110.276100158691,141.88996887207,153.059173583984,232.092834472656,250.268142700195,152.450942993164,305.798980712891,450.136077880859,298.667755126953,1,5,3,7,6,3,5,10,6,12,8,4.22850847244263,20.9143772125244,12.2529001235962,28.3779945373535,24.1672382354736,12.0048017501831,19.8625507354736,39.0899848937988,22.3755359649658,41.8731231689453,26.8465385437012,73,60,61,92,93,100,82,44,53,67,61,308.681121826172,250.972518920898,249.142303466797,372.967926025391,374.592163085938,400.160064697266,325.745849609375,171.995941162109,197.650573730469,233.791610717773,204.704849243164,0,0,0,0,1,0,2,1,0,0,0,0,0,0,0,4.02787303924561,0,7.94502067565918,3.90899848937988,0,0,0,26,24,21,34,33,28,18,19,33,18,28,109.941223144531,100.389007568359,85.7703018188477,137.835968017578,132.919799804688,112.044815063477,71.5051803588867,74.2709732055664,123.065444946289,62.809684753418,93.9628829956055,0,0,2,4,5,3,1,5,3,6,5,0,0,8.16860008239746,16.2159976959229,20.1393642425537,12.0048017501831,3.97251033782959,19.5449924468994,11.1877679824829,20.9365615844727,16.7790870666504,86,71,62,84,72,58,66,86,83,72,57,363.651733398438,296.984161376953,253.226593017578,340.535949707031,290.0068359375,232.092834472656,262.185668945313,336.173858642578,309.528259277344,251.238739013672,191.281585693359,19,9,12,14,10,15,8,6,10,11,14,80.341667175293,37.6458778381348,49.0116004943848,56.755989074707,40.2787284851074,60.0240097045898,31.7800827026367,23.4539909362793,37.2925605773926,38.3836975097656,46.9814414978027,29799,7873085.43798828,15394.6874649613
33,Dorset Park,126,135,167,196,195,201,165,129,141,187,217,207,539.676208496094,667.279357910156,761.963989257813,758.135375976563,781.705749511719,642.723571777344,503.041656494141,547.126586914063,714.094787597656,799.23388671875,756.053894042969,51,42,44,41,82,61,73,49,69,100,114,203.877670288086,167.818756103516,171.053146362305,159.402816772461,318.904846191406,237.61296081543,284.6669921875,190.136199951172,263.489532470703,368.310546875,416.377502441406,5,4,3,4,2,1,3,8,15,15,20,19.9880065917969,15.982738494873,11.6627140045166,15.5514945983887,7.77816677093506,3.8952944278717,11.6986427307129,31.0426445007324,57.280330657959,55.24658203125,73.0486831665039,91,84,71,88,66,57,71,38,73,66,74,363.78173828125,335.637512207031,276.017578125,342.132873535156,256.679504394531,222.031784057617,276.867889404297,147.452560424805,278.764282226563,243.084976196289,270.280151367188,1,0,0,1,0,2,0,3,0,4,1,3.99760150909424,0,0,3.88787364959717,0,7.79058885574341,0,11.6409921646118,0,14.7324228286743,3.65243434906006,33,37,58,35,35,38,25,17,30,29,26,131.920852661133,147.84033203125,225.479141235352,136.075576782227,136.117919921875,148.021194458008,97.4886932373047,65.9656219482422,114.560661315918,106.81005859375,94.9632949829102,1,4,10,7,8,7,6,6,5,2,5,3.99760150909424,15.982738494873,38.8757133483887,27.2151165008545,31.1126670837402,27.2670612335205,23.3972854614258,23.2819843292236,19.0934429168701,7.36621141433716,18.262170791626,77,101,67,59,63,78,113,92,80,97,78,307.815307617188,403.564147949219,260.46728515625,229.384552001953,245.012252807617,303.832977294922,440.648895263672,356.990417480469,305.495086669922,357.26123046875,284.889892578125,6,10,12,4,15,8,5,4,8,25,13,23.9856090545654,39.9568481445313,46.6508560180664,15.5514945983887,58.3362503051758,31.1623554229736,19.4977378845215,15.5213222503662,30.5495090484619,92.07763671875,47.4816474914551,27379,6012148.17016602,10566.9878062214
34,Ionview,125,103,111,105,94,93,82,87,92,85,126,109,741.007202148438,794.901184082031,746.480895996094,670.08837890625,664.808044433594,588.150939941406,626.440063476563,660.777160644531,607.012756347656,876.643676757813,761.226318359375,5,12,7,7,3,8,6,10,11,34,25,35.9712219238281,85.9352645874023,49.7653923034668,49.9001998901367,21.4454212188721,57.3805770874023,43.202766418457,71.823600769043,78.5545959472656,236.554656982422,174.593200683594,0,3,0,3,3,4,4,1,3,5,0,0,21.4838161468506,0,21.385799407959,21.4454212188721,28.6902885437012,28.8018436431885,7.18236017227173,21.4239807128906,34.7874488830566,0,33,45,17,29,19,19,15,18,12,15,17,237.410064697266,322.257232666016,120.858810424805,206.729400634766,135.820999145508,136.278869628906,108.006912231445,129.282485961914,85.6959228515625,104.362342834473,118.723373413086,0,0,0,0,0,0,0,0,0,0,1,0,0,0,0,0,0,0,0,0,0,6.98372793197632,24,17,9,14,8,12,2,4,8,4,2,172.661865234375,121.741622924805,63.984073638916,99.8003997802734,57.1877899169922,86.0708618164063,14.4009218215942,28.7294406890869,57.130615234375,27.8299598693848,13.9674558639526,1,0,0,0,1,1,1,0,2,2,1,7.19424438476563,0,0,0,7.14847373962402,7.17257213592529,7.20046091079712,0,14.2826538085938,13.9149799346924,6.98372793197632,13,31,15,22,23,32,33,40,43,32,20,93.5251770019531,221.999420166016,106.640121459961,156.829193115234,164.414901733398,229.522308349609,237.615203857422,287.294403076172,307.077056884766,222.639678955078,139.674560546875,1,5,4,1,1,2,0,3,2,2,6,7.19424438476563,35.8063583374023,28.4373664855957,7.12860012054443,7.14847373962402,14.3451442718506,0,21.5470809936523,14.2826538085938,13.9149799346924,41.9023666381836,14319,1952896.36694336,6356.22332616128
35,Kennedy Park,124,208,243,212,187,218,221,175,185,224,314,272,1175.67260742188,1378.64514160156,1203.17822265625,1059.19006347656,1232.82250976563,1248.86975097656,988.25390625,1037.22802734375,1231.51354980469,1661.28771972656,1421.77612304688,26,12,12,27,30,24,33,34,53,45,49,146.959075927734,68.0812454223633,68.1044235229492,152.931182861328,169.65446472168,135.623870849609,186.3564453125,190.625701904297,291.384918212891,238.082641601563,256.128784179688,1,7,5,9,12,3,4,9,8,8,6,5.65227222442627,39.7140579223633,28.3768444061279,50.9770622253418,67.8617858886719,16.9529838562012,22.5886611938477,50.4597434997559,43.9826278686523,42.3258018493652,31.3627090454102,49,36,46,50,48,41,32,35,43,41,33,276.961334228516,204.243728637695,261.066955566406,283.205902099609,271.447143554688,231.690780639648,180.709289550781,196.232345581055,236.406616210938,216.919738769531,172.494903564453,0,0,0,0,2,1,0,2,0,0,0,0,0,0,0,11.3102979660034,5.65099477767944,0,11.2132768630981,0,0,0,69,63,26,54,30,24,24,27,26,30,26,390.006774902344,357.426544189453,147.559585571289,305.862365722656,169.65446472168,135.623870849609,135.531967163086,151.37922668457,142.943542480469,158.721755981445,135.905075073242,0,0,2,2,3,1,1,2,3,7,7,0,0,11.3507375717163,11.3282356262207,16.965446472168,5.65099477767944,5.64716529846191,11.2132768630981,16.4934844970703,37.0350761413574,36.5898284912109,32,48,34,74,57,68,72,65,95,73,59,180.872711181641,272.324981689453,192.962539672852,419.144714355469,322.343505859375,384.267639160156,406.595886230469,364.431488037109,522.293701171875,386.222961425781,308.399993896484,6,2,5,4,20,6,9,4,5,12,11,33.913631439209,11.3468742370605,28.3768444061279,22.6564712524414,113.102981567383,33.9059677124023,50.8244857788086,22.4265537261963,27.4891414642334,63.4887046813965,57.4983024597168,19131,3580843.35205078,7606.72163161012
36,Cliffcrest,123,81,99,110,119,138,136,110,98,135,180,156,499.321899414063,610.583435058594,672.494934082031,724.593566894531,837.073852539063,822.05029296875,663.010070800781,585.039672851563,785.431701660156,1002.05981445313,853.158325195313,19,13,11,18,23,19,19,31,43,62,70,117.124893188477,80.1776275634766,67.2494964599609,109.602386474609,139.512313842773,114.845260620117,114.519920349121,185.063583374023,250.174545288086,345.153930664063,382.827453613281,6,2,7,9,1,4,5,2,3,3,1,36.9868087768555,12.3350191116333,42.7951316833496,54.8011932373047,6.06575298309326,24.1779499053955,30.1368217468262,11.93958568573,17.4540386199951,16.7009963989258,5.46896362304688,42,58,59,36,53,46,36,30,21,24,27,258.907653808594,357.715545654297,360.701843261719,219.204772949219,321.484893798828,278.046417236328,216.985107421875,179.093780517578,122.178260803223,133.607971191406,147.662017822266,0,1,0,0,1,1,0,1,0,1,0,0,6.16750955581665,0,0,6.06575298309326,6.04448747634888,0,5.96979284286499,0,5.56699895858765,0,29,22,25,34,15,29,23,13,14,13,7,178.769577026367,135.685211181641,152.839767456055,207.026733398438,90.9862899780273,175.290130615234,138.629379272461,77.607307434082,81.4521789550781,72.3709869384766,38.2827453613281,0,2,0,0,2,1,1,0,4,4,2,0,12.3350191116333,0,0,12.1315059661865,6.04448747634888,6.0273642539978,0,23.2720508575439,22.2679958343506,10.9379272460938,39,56,63,71,65,107,88,73,78,49,38,240.414245605469,345.380523681641,385.156188964844,432.320526123047,394.27392578125,646.760131835938,530.408081054688,435.794891357422,453.804992675781,272.782928466797,207.820617675781,4,5,3,7,3,3,9,3,5,2,13,24.6578712463379,30.8375473022461,18.3407707214355,42.6231498718262,18.1972579956055,18.1334629058838,54.2462768554688,17.9093780517578,29.0900630950928,11.1339979171753,71.0965270996094,18285,7190836.36010742,19944.1073049258
37,Birchcliffe-Cliffside,122,140,133,198,161,199,209,146,142,159,210,160,628.05615234375,597.162353515625,865.195556640625,697.54345703125,855.068115234375,890.650329589844,617.336181640625,591.642028808594,651.292358398438,830.82763671875,627.254211425781,13,17,15,13,23,26,20,31,46,73,70,58.3194999694824,76.3290252685547,65.5451202392578,56.3233833312988,98.8269653320313,110.798599243164,84.5665969848633,129.161285400391,188.424194335938,288.8115234375,274.423706054688,10,18,22,17,8,5,14,11,6,6,8,44.861156463623,80.818962097168,96.1328353881836,73.6536560058594,34.3745956420898,21.3074226379395,59.1966171264648,45.8314247131348,24.5770702362061,23.7379341125488,31.3627090454102,73,81,76,83,70,57,46,42,31,34,48,327.486419677734,363.685333251953,332.095245361328,359.603149414063,300.777740478516,242.904632568359,194.503173828125,174.992706298828,126.98152923584,134.514953613281,188.176254272461,0,1,0,1,1,0,0,0,1,0,0,0,4.48994255065918,0,4.33256769180298,4.29682445526123,0,0,0,4.09617805480957,0,0,16,26,25,15,22,32,21,14,15,14,8,71.7778472900391,116.738502502441,109.241859436035,64.9885177612305,94.530143737793,136.36750793457,88.7949295043945,58.3309020996094,61.4426727294922,55.3885116577148,31.3627090454102,0,0,0,0,0,2,0,1,0,1,1,0,0,0,0,0,8.52296924591064,0,4.16649293899536,0,3.95632219314575,3.92033863067627,83,108,93,58,98,93,88,68,69,54,35,372.347595214844,484.913787841797,406.379730224609,251.288940429688,421.088806152344,396.318084716797,372.093017578125,283.321533203125,282.636291503906,213.641403198242,137.211853027344,3,5,6,5,8,7,5,4,6,7,6,13.4583463668823,22.4497127532959,26.2180461883545,21.6628398895264,34.3745956420898,29.8303928375244,21.1416492462158,16.6659717559814,24.5770702362061,27.6942558288574,23.5220317840576,25508,6009067.38696289,14693.4888602702
38,Downtown Yonge East,168,342,392,346,473,498,614,506,594,539,654,620,2587.18505859375,2981.21533203125,2479.04272460938,3114.916015625,3057.09033203125,3543.39794921875,2753.89135742188,3034.01782226563,2594.46459960938,2906.53759765625,2616.9169921875,26,19,16,14,48,43,25,44,44,45,45,196.686584472656,144.497680664063,114.637817382813,92.1962432861328,294.659301757813,248.153274536133,136.061828613281,224.742050170898,211.793014526367,199.991104125977,189.937530517578,158,128,115,161,188,169,102,164,175,205,144,1195.24926757813,973.458068847656,823.959289550781,1060.2568359375,1154.08227539063,975.300109863281,555.132263183594,837.674926757813,842.358581542969,911.070617675781,607.800109863281,88,82,85,112,123,181,144,161,110,120,87,665.708435058594,623.62158203125,609.013427734375,737.569946289063,755.064453125,1044.55212402344,783.716125488281,822.351623535156,529.482543945313,533.309631347656,367.212554931641,1,2,1,0,2,0,1,0,0,2,2,7.56486892700195,15.2102823257446,7.16486358642578,0,12.2774705886841,0,5.4424729347229,0,0,8.88849353790283,8.44166851043701,89,99,100,120,143,112,84,96,76,90,105,673.273315429688,752.908996582031,716.486328125,790.253540039063,877.839172363281,646.352722167969,457.167724609375,490.346313476563,365.824310302734,399.982208251953,443.187561035156,0,4,3,0,2,5,4,7,3,5,2,0,30.4205646514893,21.4945907592773,0,12.2774705886841,28.8550319671631,21.7698917388916,35.7544174194336,14.4404335021973,22.2212352752686,8.44166851043701,192,158,141,225,182,252,190,114,81,113,171,1452.45483398438,1201.6123046875,1010.24572753906,1481.72534179688,1117.24987792969,1454.29357910156,1034.06982421875,582.286254882813,389.891693115234,502.199890136719,721.762634277344,23,11,30,20,20,20,24,26,19,25,40,173.991973876953,83.6565551757813,214.945907592773,131.708923339844,122.774711608887,115.420127868652,130.619354248047,132.802124023438,91.4560775756836,111.106170654297,168.833358764648,23692,808531.202880859,4251.56733939615
39,Church-Wellesley,167,223,209,307,309,363,355,308,403,388,330,368,1265.03295898438,1153.03979492188,1629.85766601563,1558.00939941406,1743.599609375,1629.33728027344,1354.32238769531,1690.64904785156,1563.57043457031,1253.84704589844,1356.78210449219,12,10,9,16,26,17,8,34,16,38,23,68.0735168457031,55.1693687438965,47.7808456420898,80.6736221313477,124.885925292969,78.0245971679688,35.1772041320801,142.635391235352,64.4771270751953,144.382385253906,84.7988815307617,88,105,98,128,90,119,109,99,88,102,66,499.205810546875,579.278381347656,520.280334472656,645.388977050781,432.297424316406,546.172180175781,479.289428710938,415.320709228516,354.624206542969,387.552703857422,243.335906982422,61,73,62,87,79,128,98,87,73,76,61,346.040405273438,402.736389160156,329.156921386719,438.662841796875,379.461059570313,587.479370117188,430.920776367188,364.978820800781,294.176910400391,288.764770507813,224.901382446289,0,2,3,1,1,1,0,0,0,1,0,0,11.0338735580444,15.9269485473633,5.04210138320923,4.80330467224121,4.58968257904053,0,0,0,3.79953646659851,0,41,40,51,46,54,51,59,41,42,55,43,232.584518432617,220.677474975586,270.758117675781,231.936676025391,259.378448486328,234.073806762695,259.431884765625,172.001510620117,169.252471923828,208.974502563477,158.537033081055,0,1,1,0,0,1,1,2,1,1,0,0,5.51693677902222,5.30898284912109,0,0,4.58968257904053,4.39715051651001,8.39031791687012,4.02982044219971,3.79953646659851,0,99,68,67,56,53,93,66,58,53,78,74,561.606506347656,375.151702880859,355.701843261719,282.357696533203,254.575149536133,426.840454101563,290.211944580078,243.319213867188,213.580490112305,296.363830566406,272.831176757813,10,5,12,10,21,21,19,21,19,26,20,56.7279319763184,27.5846843719482,63.7077941894531,50.4210166931152,100.869400024414,96.3833312988281,83.5458602905273,88.0983352661133,76.5665893554688,98.7879486083984,73.7381591796875,27123,556185.245361328,3151.47804394103
40,St Lawrence-East Bayfront-The Islands,166,179,199,226,218,310,275,268,355,393,440,520,793.510070800781,853.271606445313,949.819274902344,850.499389648438,1131.63464355469,943.105041503906,867.20166015625,1079.68371582031,1140.65124511719,1196.75793457031,1362.71911621094,20,11,6,16,18,19,13,31,39,43,34,88.6603393554688,47.1657676696777,25.2164402008057,62.4219741821289,65.7078170776367,65.1599884033203,42.0657501220703,94.2822418212891,113.194404602051,116.95588684082,89.1008682250977,124,98,127,119,151,144,128,131,124,107,80,549.694091796875,420.2041015625,533.747985839844,464.263427734375,551.215576171875,493.844085693359,414.185852050781,398.418487548828,359.900146484375,291.029754638672,209.64909362793,57,49,62,68,78,104,98,150,127,94,107,252.681976318359,210.10205078125,260.569885253906,265.293395996094,284.73388671875,356.665191650391,317.111053466797,456.204376220703,368.607421875,255.671005249023,280.405670166016,0,0,0,1,0,0,0,0,2,0,0,0,0,0,3.90137338638306,0,0,0,0,5.80484104156494,0,0,35,15,16,20,39,31,45,43,32,41,35,155.15559387207,64.3169555664063,67.2438430786133,78.0274658203125,142.366943359375,106.313659667969,145.612213134766,130.778594970703,92.8774566650391,111.516075134277,91.7214813232422,4,0,3,4,2,0,3,2,5,3,2,17.7320690155029,0,12.6082201004028,15.6054935455322,7.30086898803711,0,9.70748138427734,6.08272504806519,14.5121030807495,8.15971279144287,5.24122762680054,121,111,86,87,72,122,159,76,100,111,61,536.395080566406,475.945465087891,361.435668945313,339.419464111328,262.831268310547,418.395690917969,514.496520996094,231.1435546875,290.242065429688,301.909362792969,159.857437133789,16,18,16,20,17,28,17,22,23,31,36,70.9282760620117,77.1803436279297,67.2438430786133,78.0274658203125,62.0573844909668,96.0252380371094,55.0090599060059,66.9099731445313,66.7556762695313,84.3170318603516,94.3420944213867,38159,11314215.3041992,19766.0747742551
41,Harbourfront-CityPlace,165,119,143,141,178,148,184,222,278,265,270,274,513.307189941406,572.710144042969,525.746643066406,648.475341796875,527.516418457031,641.785827636719,758.740905761719,925.895080566406,850.585754394531,819.871276855469,809.692687988281,14,14,10,20,8,14,21,27,27,34,27,60.3890800476074,56.0695266723633,37.2869987487793,72.8623962402344,28.5144004821777,48.8315315246582,71.7727890014648,89.9250640869141,86.663459777832,103.243049621582,79.7872314453125,66,73,122,152,127,128,76,91,92,88,76,284.691375732422,292.362518310547,454.9013671875,553.754211425781,452.666107177734,446.459716796875,259.749145507813,303.080780029297,295.297698974609,267.21728515625,224.586288452148,27,64,38,63,81,82,75,54,58,77,32,116.464653015137,256.317840576172,141.69059753418,229.516555786133,288.708282470703,286.013244628906,256.331390380859,179.850128173828,186.165939331055,233.815139770508,94.5626449584961,0,0,0,0,0,0,2,0,0,1,2,0,0,0,0,0,0,6.83550357818604,0,0,3.03656029701233,5.91016530990601,11,7,13,16,26,17,15,23,31,22,18,47.4485626220703,28.0347633361816,48.4730987548828,58.2899208068848,92.6717987060547,59.2954292297363,51.2662773132324,76.6028289794922,99.5024871826172,66.8043212890625,53.1914901733398,1,1,0,1,6,2,4,6,3,3,1,4.31350564956665,4.00496625900269,0,3.6431200504303,21.385799407959,6.97593307495117,13.6710071563721,19.9833469390869,9.62927341461182,9.10968017578125,2.955082654953,87,91,69,71,62,40,50,51,60,91,57,375.274993896484,364.451934814453,257.2802734375,258.661529541016,220.986602783203,139.518661499023,170.887588500977,169.858444213867,192.585464477539,276.326965332031,168.439712524414,12,15,23,12,18,20,14,9,15,15,16,51.7620658874512,60.0744934082031,85.7600936889648,43.7174377441406,64.1574020385742,69.7593307495117,47.8485260009766,29.9750213623047,48.1463661193848,45.5484008789063,47.281322479248,33840,1138334.07421875,7255.36128654652
42,Wellington Place,164,416,470,524,495,449,388,281,341,443,418,469,2811.57080078125,2829.10961914063,2821.14794921875,2434.10693359375,2032.77795410156,1627.31201171875,1098.42858886719,1240.04504394531,1474.0625,1255.29296875,1311.41125488281,21,19,23,25,39,32,39,46,69,72,62,141.930252075195,114.368263244629,123.829010009766,122.934700012207,176.566467285156,134.211303710938,152.450942993164,167.27880859375,229.594390869141,216.222702026367,173.363525390625,103,94,160,162,184,140,116,101,111,81,97,696.134094238281,565.821960449219,861.419189453125,796.616821289063,833.031494140625,587.174438476563,453.443817138672,367.286071777344,369.347473144531,243.250549316406,271.230041503906,77,76,113,129,176,155,179,148,127,142,114,520.410949707031,457.473052978516,608.377319335938,634.343017578125,796.812744140625,650.085998535156,699.710754394531,538.201416015625,422.586761474609,426.439239501953,318.765197753906,1,1,0,1,1,1,1,1,2,1,1,6.75858354568481,6.01938247680664,0,4.91738796234131,4.52734518051147,4.1941032409668,3.90899848937988,3.63649582862854,6.65490961074829,3.00309324264526,2.7961859703064,27,30,43,41,47,50,24,19,55,46,37,182.481750488281,180.581466674805,231.506408691406,201.612899780273,212.785217285156,209.705154418945,93.8159637451172,69.0934219360352,183.010009765625,138.142288208008,103.458885192871,2,6,3,11,9,6,3,6,8,7,5,13.5171670913696,36.1162948608398,16.1516094207764,54.0912666320801,40.7461051940918,25.1646194458008,11.7269954681396,21.8189754486084,26.6196384429932,21.0216522216797,13.9809303283691,185,121,67,104,97,107,139,105,77,92,93,1250.337890625,728.345275878906,360.719299316406,511.408325195313,439.152465820313,448.76904296875,543.350769042969,381.832061767578,256.214019775391,276.284576416016,260.045288085938,19,15,19,20,25,27,24,20,22,31,31,128.4130859375,90.2907333374023,102.293525695801,98.3477554321289,113.183631896973,113.240783691406,93.8159637451172,72.7299194335938,73.2040100097656,93.0958862304688,86.6817626953125,35763,979639.036376953,4214.2619768025
43,Fort York-Liberty Village,163,97,112,99,99,130,125,93,153,164,168,188,646.192810058594,671.301818847656,537.313415527344,520.942932128906,663.942810058594,620.193481445313,448.66845703125,713.752563476563,730.252014160156,701.197875976563,756.752380371094,10,15,14,10,13,19,16,14,16,23,22,66.6178131103516,89.906494140625,75.9837188720703,52.6205024719238,66.3942794799805,94.2694091796875,77.1902770996094,65.3106918334961,71.2441024780273,95.9973297119141,88.5561294555664,40,71,60,76,102,120,66,54,32,43,87,266.471252441406,425.557434082031,325.644500732422,399.915802001953,520.939758300781,595.3857421875,318.409881591797,251.912673950195,142.488204956055,179.473266601563,350.199249267578,33,37,28,58,43,83,46,41,28,33,29,219.838790893555,221.76936340332,151.967437744141,305.198913574219,219.611846923828,411.808471679688,221.92204284668,191.267028808594,124.677177429199,137.735290527344,116.733085632324,0,2,0,0,1,0,0,0,0,2,0,0,11.9875326156616,0,0,5.10725212097168,0,0,0,0,8.34759426116943,0,9,7,4,2,5,8,14,7,10,7,12,59.9560317993164,41.9563636779785,21.7096328735352,10.5241003036499,25.5362606048584,39.6923828125,67.5414886474609,32.655345916748,44.5275611877441,29.2165775299072,48.3033447265625,1,2,1,0,3,1,1,2,4,1,5,6.66178131103516,11.9875326156616,5.42740821838379,0,15.3217573165894,4.9615478515625,4.82439231872559,9.33009910583496,17.8110256195068,4.17379713058472,20.1263942718506,41,57,24,39,32,47,44,38,30,37,28,273.133026123047,341.644683837891,130.257797241211,205.219955444336,163.432067871094,233.192749023438,212.273254394531,177.271881103516,133.58268737793,154.430480957031,112.707801818848,11,14,11,8,8,12,4,17,15,11,21,73.2795944213867,83.912727355957,59.7014923095703,42.0964012145996,40.8580169677734,59.53857421875,19.2975692749023,79.3058395385742,66.7913436889648,45.9117660522461,84.5308532714844,24843,2339540.37084961,9924.96381932796
44,West Queen West,162,124,130,117,123,101,107,96,106,106,107,117,937.192932128906,968.55908203125,813.460327148438,856.247802734375,703.881774902344,746.841613769531,671.047119140625,736.981140136719,727.572265625,711.057922363281,774.321655273438,11,6,5,6,5,12,12,11,22,14,13,83.1380844116211,44.7027282714844,34.7632637023926,41.7681846618652,34.8456344604492,83.757942199707,83.8808898925781,76.4791793823242,151.005554199219,93.0356216430664,86.0357360839844,50,45,63,66,66,88,81,37,27,42,43,377.900390625,335.270446777344,438.01708984375,459.450042724609,459.962371826172,614.224914550781,566.195983886719,257.248138427734,185.325012207031,279.106872558594,284.579742431641,34,29,42,31,28,65,63,51,36,43,40,256.972259521484,216.063186645508,292.011413574219,215.802291870117,195.135543823242,453.688842773438,440.374664306641,354.585266113281,247.100006103516,285.752258300781,264.725341796875,0,0,1,0,1,0,1,0,0,0,0,0,0,6.95265245437622,0,6.96912670135498,0,6.99007415771484,0,0,0,0,18,10,7,7,8,10,8,11,6,8,8,136.044143676758,74.5045471191406,48.6685676574707,48.729549407959,55.7530136108398,69.7982864379883,55.9205932617188,76.4791793823242,41.1833343505859,53.1632118225098,52.945068359375,0,1,3,1,1,0,0,1,0,0,0,0,7.45045471191406,20.8579578399658,6.96136426925659,6.96912670135498,0,0,6.95265245437622,0,0,0,88,48,47,83,57,53,39,52,37,31,25,665.104675292969,357.621826171875,326.774658203125,577.793273925781,397.240234375,369.930908203125,272.612884521484,361.537933349609,253.963897705078,206.007446289063,165.453338623047,3,4,6,4,7,6,7,6,6,5,7,22.6740226745605,29.8018188476563,41.7159156799316,27.8454570770264,48.7838859558105,41.8789710998535,48.9305191040039,41.7159156799316,41.1833343505859,33.2270050048828,46.3269348144531,15110,901748.542480469,4286.66847969292
45,Humber Bay Shores,161,58,77,76,81,75,94,82,102,121,152,131,395.0146484375,484.2158203125,453.812622070313,452.8681640625,394.155975341797,466.084899902344,385.157348632813,452.147705078125,519.35791015625,620.180358886719,522.495239257813,7,8,7,19,9,22,19,25,53,78,31,47.6741828918457,50.3081359863281,41.7985305786133,106.228332519531,47.2987174987793,109.083694458008,89.2437744140625,110.820518493652,227.487335205078,318.250427246094,123.643905639648,9,13,31,38,62,74,38,23,25,16,16,61.2953758239746,81.7507247924805,185.107788085938,212.456665039063,325.835601806641,366.917877197266,178.487548828125,101.954872131348,107.305351257324,65.2821426391602,63.8162078857422,13,20,16,15,14,34,19,29,27,37,33,88.5377655029297,125.77033996582,95.5394973754883,83.8644714355469,73.5757827758789,168.583892822266,89.2437744140625,128.551803588867,115.889778137207,150.964950561523,131.62092590332,0,1,0,0,0,1,0,0,2,0,0,0,6.28851699829102,0,0,0,4.95834970474243,0,0,8.58442783355713,0,0,1,6,3,6,15,10,8,6,8,9,8,6.81059741973877,37.7311019897461,17.9136562347412,33.5457916259766,78.8311996459961,49.5834999084473,37.5763282775879,26.596923828125,34.3377113342285,36.7212028503418,31.9081039428711,0,2,0,0,0,2,1,1,3,1,1,0,12.577033996582,0,0,0,9.91669940948486,4.69704103469849,4.43282079696655,12.8766422271729,4.08013391494751,3.98851299285889,47,21,35,34,14,19,28,20,66,30,47,320.098083496094,132.058853149414,208.992660522461,190.092803955078,73.5757827758789,94.2086486816406,131.517150878906,88.6564102172852,283.2861328125,122.404014587402,187.460113525391,6,6,10,8,7,5,11,6,12,10,12,40.863582611084,37.7311019897461,59.7121887207031,44.7277183532715,36.7878913879395,24.7917499542236,51.6674499511719,26.596923828125,51.5065689086914,40.8013381958008,47.8621559143066,25072,1578118.50683594,16145.7930864194
46,Mimico-Queensway,160,150,128,165,262,412,230,205,268,343,525,871,883.288208007813,745.616577148438,894.212036132813,1393.39465332031,2151.21142578125,1181.00134277344,1036.76733398438,1329.62890625,1661.58020019531,2442.76928710938,3997.24633789063,28,26,28,22,13,40,32,32,63,70,78,164.880462646484,151.453369140625,151.745071411133,117.00260925293,67.8780288696289,205.391525268555,161.836853027344,158.761657714844,305.188201904297,325.702575683594,357.962371826172,18,19,6,22,41,23,9,18,23,5,10,105.994583129883,110.677459716797,32.5167999267578,117.00260925293,214.076858520508,118.100128173828,45.5166130065918,89.3034362792969,111.417915344238,23.2644710540771,45.8926124572754,42,46,33,43,36,46,34,25,47,34,51,247.320693969727,267.955963134766,178.842407226563,228.686904907227,187.969924926758,236.200256347656,171.951644897461,124.03254699707,227.680084228516,158.198394775391,234.052322387695,0,0,1,1,0,0,1,0,0,1,2,0,0,5.41946649551392,5.31830024719238,0,0,5.05740165710449,0,0,4.65289402008057,9.17852210998535,9,18,9,17,14,7,3,8,16,8,10,52.9972915649414,104.852333068848,48.7751998901367,90.4111022949219,73.0994186401367,35.9435157775879,15.1722049713135,39.6904144287109,77.5081176757813,37.2231521606445,45.8926124572754,0,1,1,1,1,1,1,2,1,2,0,0,5.82512950897217,5.41946649551392,5.31830024719238,5.22138690948486,5.13478803634644,5.05740165710449,9.92260360717773,4.84425735473633,9.30578804016113,0,69,48,37,43,42,74,47,35,64,54,48,406.312561035156,279.606231689453,200.520263671875,228.686904907227,219.298248291016,379.974334716797,237.697875976563,173.645568847656,310.032470703125,251.256286621094,220.284530639648,4,9,7,5,5,14,8,7,11,24,17,23.5543518066406,52.4261665344238,37.9362678527832,26.5915012359619,26.10693359375,71.8870315551758,40.4592132568359,34.7291145324707,53.2868270874023,111.669456481934,78.0174407958984,21790,5480612.03466797,13398.7011030995
47,Etobicoke City Centre,159,145,157,131,135,154,137,142,156,206,308,239,745.309692382813,774.238098144531,606.481506347656,605.870239257813,670.994750976563,580.016906738281,584.698974609375,620.697875976563,774.581665039063,1075.53161621094,797.224731445313,64,76,103,71,122,118,102,118,189,294,261,328.964263916016,374.790405273438,476.851837158203,318.642852783203,531.567260742188,499.576629638672,419.995056152344,469.502258300781,710.659912109375,1026.64379882813,870.609436035156,6,12,19,13,11,16,17,23,14,17,12,30.8404006958008,59.177433013916,87.9629592895508,58.3430557250977,47.9281959533691,67.7392044067383,69.9991760253906,91.5131530761719,52.6414756774902,59.3637619018555,40.028018951416,57,85,65,56,71,74,56,76,86,69,93,292.983795166016,419.173492431641,300.925933837891,251.323944091797,309.354705810547,313.293823242188,230.585525512695,302.391265869141,323.369049072266,240.947021484375,310.217163085938,2,0,0,0,2,1,0,1,1,3,0,10.2801332473755,0,0,0,8.71421718597412,4.23370027542114,0,3.97883272171021,3.76010537147522,10.4759578704834,0,20,23,21,45,20,21,19,11,43,36,32,102.801338195801,113.423416137695,97.2222213745117,201.956741333008,87.1421737670898,88.9077072143555,78.234375,43.7671585083008,161.684524536133,125.711494445801,106.741386413574,2,1,3,3,1,2,3,3,2,4,2,10.2801332473755,4.93145275115967,13.8888893127441,13.4637823104858,4.35710859298706,8.46740055084229,12.3527956008911,11.9364976882935,7.52021074295044,13.9679431915283,6.67133665084839,135,123,97,92,107,118,148,127,188,188,98,693.908996582031,606.568725585938,449.074066162109,412.889312744141,466.210632324219,499.576629638672,609.404602050781,505.311737060547,706.899780273438,656.493347167969,326.8955078125,33,38,31,27,50,27,23,32,44,59,59,169.622207641602,187.395202636719,143.518524169922,121.174041748047,217.855438232422,114.309906005859,94.7047653198242,127.322647094727,165.444625854492,206.027160644531,196.804428100586,29979,10134665.5534668,17420.268633481
48,Islington,158,89,52,85,73,84,79,79,56,97,136,137,385.298065185547,223.415679931641,357.323028564453,304.534637451172,348.302032470703,326.230590820313,324.528625488281,227.143661499023,379.707183837891,504.245300292969,493.871673583984,27,25,33,24,36,57,50,58,96,174,83,116.888175964355,107.41138458252,138.725402832031,100.120979309082,149.27229309082,235.381561279297,205.397857666016,235.255935668945,375.792694091797,645.137390136719,299.206909179688,14,12,7,6,5,7,13,8,4,8,9,60.6086845397949,51.5574645996094,29.4266014099121,25.0302448272705,20.7322635650635,28.9065074920654,53.4034423828125,32.4490966796875,15.6580286026001,29.6614875793457,32.4441223144531,54,58,40,40,48,51,43,44,53,58,94,233.776351928711,249.194412231445,168.152008056641,166.868301391602,199.029724121094,210.604553222656,176.642150878906,178.470031738281,207.468872070313,215.045791625977,338.86083984375,0,0,0,0,0,0,0,0,0,0,0,0,0,0,0,0,0,0,0,0,0,0,19,13,20,25,15,15,16,11,26,12,18,82.2546463012695,55.8539199829102,84.0760040283203,104.292686462402,62.1967887878418,61.9425163269043,65.7273101806641,44.6175079345703,101.777183532715,44.4922332763672,64.8882446289063,0,4,3,0,2,3,1,1,0,0,0,0,17.1858215332031,12.611400604248,0,8.29290580749512,12.388503074646,4.1079568862915,4.05613708496094,0,0,0,76,104,54,66,73,73,72,38,74,47,47,329.018585205078,446.831359863281,227.005218505859,275.332702636719,302.691040039063,301.453582763672,295.772918701172,154.133209228516,289.673522949219,174.261245727539,169.430419921875,2,7,6,6,5,8,7,6,8,13,15,8.6583833694458,30.0751876831055,25.2228012084961,25.0302448272705,20.7322635650635,33.0360107421875,28.7556991577148,24.3368225097656,31.3160572052002,48.1999168395996,54.0735397338867,27740,6105215.07104492,13591.2857804698
49,Bendale South,157,59,71,78,101,71,68,79,61,39,73,76,549.757751464844,659.912658691406,708.318176269531,913.1181640625,639.121459960938,609.264404296875,705.231201171875,539.012084960938,343.400543212891,628.119079589844,656.53076171875,10,12,8,11,15,20,8,15,22,24,33,93.1792755126953,111.534530639648,72.6480178833008,99.4485092163086,135.025650024414,179.195419311523,71.4158172607422,132.543960571289,193.713134765625,206.504898071289,285.072570800781,4,2,7,2,0,1,0,3,3,2,0,37.2717094421387,18.5890884399414,63.5670166015625,18.0815486907959,0,8.95977020263672,0,26.5087928771973,26.4154262542725,17.2087421417236,0,26,28,28,35,18,21,11,4,8,15,14,242.26611328125,260.247222900391,254.26806640625,316.427093505859,162.030792236328,188.155181884766,98.1967468261719,35.3450546264648,70.4411392211914,129.065567016602,120.939872741699,1,0,1,0,0,0,0,0,0,0,0,9.31792736053467,0,9.0810022354126,0,0,0,0,0,0,0,0,15,17,14,13,5,6,3,7,5,20,10,139.768920898438,158.007247924805,127.134033203125,117.530059814453,45.0085525512695,53.7586250305176,26.7809314727783,61.8538475036621,44.0257110595703,172.087417602539,86.385627746582,1,0,2,1,0,0,3,2,1,1,1,9.31792736053467,0,18.1620044708252,9.04077434539795,0,0,26.7809314727783,17.6725273132324,8.80514240264893,8.60437107086182,8.63856220245361,15,29,16,46,26,37,24,26,28,24,14,139.768920898438,269.541778564453,145.296035766602,415.875610351563,234.044464111328,331.511505126953,214.247451782227,229.742858886719,246.543975830078,206.504898071289,120.939872741699,2,2,4,3,0,1,1,0,1,2,2,18.6358547210693,18.5890884399414,36.3240089416504,27.1223220825195,0,8.95977020263672,8.92697715759277,0,8.80514240264893,17.2087421417236,17.2771244049072,11576,2543590.73510742,7242.17363603241
50,Caledonia-Fairbank,109,56,55,58,67,57,69,50,64,59,62,54,546.288146972656,537.739562988281,564.476867675781,650.169799804688,551.52392578125,666.151794433594,481.417297363281,610.395812988281,559.772277832031,573.755310058594,500.695404052734,9,4,10,6,11,9,8,8,25,34,33,87.7963104248047,39.1083297729492,97.323600769043,58.2241630554199,106.434448242188,86.8893585205078,77.0267639160156,76.2994766235352,237.191650390625,314.640014648438,305.980529785156,3,1,5,3,3,0,4,3,2,9,5,29.265438079834,9.7770824432373,48.6618003845215,29.11208152771,29.0275764465332,0,38.5133819580078,28.6123027801514,18.9753322601318,83.2870635986328,46.3606872558594,28,18,13,10,9,9,10,10,6,14,10,273.144073486328,175.987487792969,126.520683288574,97.0402679443359,87.0827255249023,86.8893585205078,96.2834548950195,95.3743438720703,56.9259948730469,129.557647705078,92.7213745117188,0,0,0,0,0,0,0,0,0,1,0,0,0,0,0,0,0,0,0,0,9.25411796569824,0,11,9,12,9,9,15,7,2,4,3,5,107.306602478027,87.9937438964844,116.78832244873,87.3362426757813,87.0827255249023,144.81559753418,67.3984222412109,19.0748691558838,37.9506645202637,27.7623538970947,46.3606872558594,0,1,0,1,2,0,2,2,0,2,0,0,9.7770824432373,0,9.70402717590332,19.3517169952393,0,19.2566909790039,19.0748691558838,0,18.5082359313965,0,15,11,11,20,20,21,19,20,23,10,26,146.327194213867,107.547904968262,107.055961608887,194.080535888672,193.517181396484,202.741836547852,182.938568115234,190.748687744141,218.216323852539,92.5411834716797,241.075561523438,5,1,1,1,1,2,2,5,2,2,1,48.7757301330566,9.7770824432373,9.73235988616943,9.70402717590332,9.67585849761963,19.3087463378906,19.2566909790039,47.6871719360352,18.9753322601318,18.5082359313965,9.27213764190674,10785,1544557.65722656,4956.20458595366
51,Briar Hill-Belgravia,108,79,92,81,75,93,88,83,71,101,91,108,534.976623535156,626.105895996094,550.98291015625,506.859497070313,625.0419921875,588.156677246094,551.421752929688,465.329650878906,643.189208984375,552.083984375,641.254028320313,18,15,18,13,39,21,39,28,54,37,45,121.893409729004,102.082481384277,122.440650939941,87.8556442260742,262.114379882813,140.355560302734,259.101776123047,183.510284423828,343.883331298828,224.473693847656,267.189178466797,23,11,7,7,13,3,13,1,5,5,9,155.752685546875,74.8604888916016,47.6158065795898,47.306884765625,87.3714599609375,20.0507946014404,86.3672637939453,6.55393886566162,31.8410491943359,30.3342838287354,53.4378356933594,43,30,31,31,33,49,46,40,26,38,46,291.189819335938,204.164962768555,210.870010375977,209.501922607422,221.789093017578,327.496337890625,305.607238769531,262.157562255859,165.573455810547,230.540557861328,273.126708984375,0,0,0,1,0,0,0,1,1,0,2,0,0,0,6.75812673568726,0,0,0,6.55393886566162,6.36820983886719,0,11.8750743865967,25,13,28,23,25,31,10,16,15,23,8,169.296401977539,88.4714813232422,190.463226318359,155.436920166016,168.022048950195,207.191558837891,66.4363555908203,104.863021850586,95.5231475830078,139.537704467773,47.5002975463867,0,0,2,4,1,4,2,0,8,1,1,0,0,13.6045169830322,27.032506942749,6.72088193893433,26.7343940734863,13.2872705459595,0,50.9456787109375,6.0668568611145,5.93753719329834,32,36,32,33,33,36,66,60,43,53,65,216.699401855469,244.997955322266,217.672271728516,223.018173217773,221.789093017578,240.60954284668,438.479949951172,393.236328125,273.833038330078,321.543395996094,385.939910888672,9,3,4,4,4,6,8,3,7,8,13,60.946704864502,20.4164962768555,27.2090339660645,27.032506942749,26.8835277557373,40.1015892028809,53.1490821838379,19.6618175506592,44.5774688720703,48.534854888916,77.1879806518555,16842,1827724.55981445,6289.0499925237
52,Oakwood Village,107,104,134,136,116,126,155,116,98,154,107,137,477.611938476563,617.426147460938,622.36865234375,531.988098144531,579.203796386719,714.582092285156,536.019592285156,450.429748535156,701.019653320313,472.427032470703,602.966430664063,18,11,24,10,28,38,24,28,64,59,49,82.6636047363281,50.6842384338379,109.829765319824,45.8610420227051,128.711959838867,175.187866210938,110.900604248047,128.694213867188,291.332855224609,260.497161865234,215.659515380859,15,20,17,14,6,12,13,11,12,10,9,68.8863372802734,92.1531600952148,77.7960815429688,64.2054595947266,27.5811347961426,55.3224830627441,60.071159362793,50.5584411621094,54.6249084472656,44.1520614624023,39.6109313964844,25,29,23,41,19,49,32,35,39,36,47,114.810562133789,133.622085571289,105.253524780273,188.0302734375,87.3402557373047,225.900146484375,147.867477416992,160.867767333984,177.530960083008,158.947418212891,206.857086181641,2,0,0,0,0,2,2,0,0,0,2,9.18484497070313,0,0,0,0,9.22041416168213,9.24171733856201,0,0,0,8.80242919921875,33,18,31,25,18,41,22,12,22,13,15,151.549942016602,82.9378433227539,141.86344909668,114.652603149414,82.7434005737305,189.018493652344,101.658889770508,55.1546630859375,100.145668029785,57.3976783752441,66.0182189941406,1,3,11,2,10,13,6,3,3,2,4,4.59242248535156,13.8229742050171,50.3386421203613,9.17220783233643,45.9685592651367,59.932689666748,27.7251510620117,13.7886657714844,13.6562271118164,8.83041191101074,17.6048583984375,26,39,26,62,35,50,48,55,47,45,27,119.402984619141,179.698654174805,118.982246398926,284.338439941406,160.889953613281,230.510345458984,221.801208496094,252.792205810547,213.947555541992,198.684265136719,118.832794189453,2,2,2,5,2,2,3,8,5,3,10,9.18484497070313,9.21531581878662,9.15248012542725,22.9305210113525,9.19371128082275,9.22041416168213,13.8625755310059,36.769775390625,22.7603778839111,13.2456178665161,44.0121459960938,22721,2219372.56640625,6334.9036099945
53,Humewood-Cedarvale,106,34,49,53,41,44,45,42,49,39,53,49,231.339721679688,333.832946777344,357.287322998047,277.627288818359,299.360443115234,307.713348388672,288.699462890625,336.33056640625,263.246704101563,345.299377441406,316.619293212891,11,5,17,22,21,16,26,34,56,54,32,74.8452072143555,34.0645866394043,114.601593017578,148.970748901367,142.876586914063,109.409187316895,178.718719482422,233.372222900391,377.995269775391,351.814453125,206.771774291992,27,51,18,13,19,13,29,16,23,13,16,183.710968017578,347.458770751953,121.34285736084,88.0281677246094,129.269287109375,88.8949661254883,199.340118408203,109.822227478027,155.248062133789,84.6960678100586,103.385887145996,31,39,27,39,34,28,49,19,32,38,29,210.927398681641,265.703765869141,182.014297485352,264.084503173828,231.323989868164,191.466079711914,336.816070556641,130.41389465332,215.997299194336,247.573135375977,187.386917114258,0,1,0,1,0,0,0,0,0,0,0,0,6.81291723251343,0,6.77139759063721,0,0,0,0,0,0,0,4,10,5,7,4,11,6,3,5,1,2,27.216438293457,68.1291732788086,33.7063484191895,47.3997840881348,27.2145862579346,75.2188186645508,41.2427825927734,20.591667175293,33.7495765686035,6.51508235931396,12.9232358932495,0,0,0,1,0,0,0,0,1,0,0,0,0,0,6.77139759063721,0,0,0,0,6.749915599823,0,0,82,58,40,34,59,48,62,39,38,26,29,557.93701171875,395.149200439453,269.650787353516,230.227523803711,401.415161132813,328.227569580078,426.175415039063,267.691680908203,256.496795654297,169.392135620117,187.386917114258,3,3,5,5,7,3,6,2,2,3,10,20.4123287200928,20.4387512207031,33.7063484191895,33.8569869995117,47.6255264282227,20.5142230987549,41.2427825927734,13.7277784347534,13.499831199646,19.5452480316162,64.6161804199219,15476,1871170.0637207,6036.12881602337
54,Lawrence Park North,105,27,26,24,36,22,37,46,44,35,32,58,178.950164794922,172.918334960938,160.053344726563,239.457229614258,145.995086669922,244.951995849609,303.911193847656,287.920440673828,224.043014526367,196.548126220703,351.068328857422,23,22,14,27,39,18,23,46,84,82,39,152.439025878906,146.315505981445,93.3644561767578,179.592926025391,258.809478759766,119.165840148926,151.955596923828,301.007720947266,537.703247070313,503.654571533203,236.063186645508,8,10,14,20,14,23,17,19,13,6,5,53.0222702026367,66.5070495605469,93.3644561767578,133.031799316406,92.9059677124023,152.267456054688,112.315010070801,124.329277038574,83.2159805297852,36.8527717590332,30.2645111083984,35,35,27,29,13,23,19,20,29,33,35,231.972427368164,232.774673461914,180.060012817383,192.896102905273,86.2698287963867,152.267456054688,125.528541564941,130.872924804688,185.635635375977,202.690246582031,211.851577758789,1,0,0,0,0,0,0,0,0,0,0,6.62778377532959,0,0,0,0,0,0,0,0,0,0,0,6,4,6,2,7,12,8,6,6,11,0,39.9042282104492,26.67555809021,39.909538269043,13.2722806930542,46.3422698974609,79.2811813354492,52.3491706848145,38.4073753356934,36.8527717590332,66.5819244384766,1,0,0,0,0,0,0,0,1,0,0,6.62778377532959,0,0,0,0,0,0,0,6.40122890472412,0,0,63,35,23,38,39,56,46,27,28,33,29,417.550384521484,232.774673461914,153.384460449219,252.760406494141,258.809478759766,370.738159179688,303.911193847656,176.678451538086,179.234405517578,202.690246582031,175.534164428711,4,5,3,6,4,4,1,1,3,7,9,26.5111351013184,33.2535247802734,20.0066680908203,39.909538269043,26.5445613861084,26.4812984466553,6.60676527023315,6.54364633560181,19.2036876678467,42.9949035644531,54.4761199951172,16521,2289920.91503906,6540.33799081589
55,Lawrence Park South,103,15,30,18,21,13,25,24,30,31,33,31,94.8047027587891,190.367416381836,115.295928955078,134.736297607422,83.5207214355469,160.926940917969,154.649139404297,192.122955322266,194.332992553711,198.675491333008,183.965347290039,15,28,20,16,29,27,30,62,101,123,49,94.8047027587891,177.676254272461,128.106582641602,102.656227111816,186.315444946289,173.80110168457,193.311431884766,397.054107666016,633.149475097656,740.517761230469,290.783935546875,6,11,12,18,14,11,32,17,7,6,5,37.9218826293945,69.801383972168,76.8639526367188,115.488258361816,89.9453887939453,70.8078536987305,206.198852539063,108.869674682617,43.8816452026367,36.1228179931641,29.6718292236328,68,47,44,48,36,57,58,26,35,58,56,429.781311035156,298.242279052734,281.83447265625,307.968688964844,231.288146972656,366.913421630859,373.735412597656,166.506561279297,219.408218383789,349.187225341797,332.324493408203,0,0,0,0,0,0,0,0,0,0,1,0,0,0,0,0,0,0,0,0,0,5.93436574935913,3,6,2,5,5,15,12,7,8,7,14,18.9609413146973,38.0734825134277,12.810658454895,32.0800704956055,32.1233520507813,96.5561599731445,77.3245697021484,44.8286895751953,50.1504516601563,42.1432876586914,83.0811233520508,0,0,0,0,0,0,0,0,0,0,0,0,0,0,0,0,0,0,0,0,0,0,50,20,25,33,29,55,50,27,40,22,18,316.015686035156,126.911605834961,160.133224487305,211.728469848633,186.315444946289,354.039276123047,322.185699462891,172.910659790039,250.752258300781,132.450332641602,106.818588256836,5,3,1,2,3,8,12,2,5,6,14,31.6015682220459,19.0367412567139,6.40532922744751,12.8320283889771,19.2740116119385,51.4966201782227,77.3245697021484,12.8081970214844,31.3440322875977,36.1228179931641,83.0811233520508,16851,3242395.98486328,9777.80193527985
56,Forest Hill North,102,32,37,30,40,40,42,44,40,52,61,52,246.723205566406,285.010009765625,228.13688659668,305.716918945313,307.148895263672,324.474670410156,341.58837890625,310.173706054688,401.079833984375,458.543182373047,392.009033203125,12,15,8,12,23,27,43,37,39,55,16,92.5212020874023,115.54460144043,60.8365020751953,91.7150726318359,176.610610961914,208.590850830078,333.825012207031,286.910675048828,300.809875488281,413.440582275391,120.618171691895,17,41,13,9,7,20,24,5,2,3,9,131.071701049805,315.821899414063,98.8593139648438,68.7863006591797,53.7510566711426,154.511749267578,186.320938110352,38.7717132568359,15.4261474609375,22.5513038635254,67.8477172851563,38,36,19,46,42,38,45,12,14,46,28,292.983795166016,277.307037353516,144.486694335938,351.574432373047,322.50634765625,293.572326660156,349.351745605469,93.0521087646484,107.983032226563,345.786651611328,211.081787109375,0,0,0,0,0,0,0,0,0,0,1,0,0,0,0,0,0,0,0,0,0,7.53863573074341,10,7,10,9,17,21,17,3,9,9,6,77.1010055541992,53.9208145141602,76.0456237792969,68.7863006591797,130.538284301758,162.237335205078,131.977325439453,23.2630271911621,69.4176635742188,67.6539154052734,45.2318115234375,0,0,0,0,1,1,0,1,0,0,2,0,0,0,0,7.6787223815918,7.72558736801147,0,7.75434255599976,0,0,15.0772714614868,36,18,13,40,34,32,57,39,11,35,21,277.563598632813,138.653518676758,98.8593139648438,305.716918945313,261.076568603516,247.218795776367,442.512237548828,302.419342041016,84.8438110351563,263.098541259766,158.311340332031,3,4,2,3,0,3,7,2,6,3,3,23.1303005218506,30.8118934631348,15.2091255187988,22.928768157959,0,23.1767616271973,54.3436050415039,15.5086851119995,46.2784423828125,22.5513038635254,22.6159057617188,13265,1571697.35375977,5716.05836857332
57,Forest Hill South,101,21,11,10,27,12,27,25,16,31,43,36,189.839096069336,100.264335632324,90.6289672851563,243.177520751953,107.40177154541,240.234893798828,221.219360351563,139.811248779297,263.202575683594,347.924591064453,285.374542236328,5,13,9,12,24,20,38,75,82,95,26,45.1997833251953,118.494209289551,81.5660705566406,108.078895568848,214.80354309082,177.951782226563,336.25341796875,655.365234375,696.213256835938,768.670593261719,206.103851318359,9,11,9,8,16,8,23,21,7,11,9,81.3596115112305,100.264335632324,81.5660705566406,72.0525970458984,143.202362060547,71.1807098388672,203.52180480957,183.50227355957,59.4328422546387,89.0039672851563,71.343635559082,48,18,27,66,42,35,33,25,26,75,52,433.917907714844,164.068908691406,244.698211669922,594.433959960938,375.906188964844,311.415618896484,292.009552001953,218.455078125,220.750549316406,606.84521484375,412.207702636719,0,0,0,0,0,0,0,0,0,0,0,0,0,0,0,0,0,0,0,0,0,0,3,1,2,5,7,15,5,2,0,1,7,27.1198692321777,9.11493968963623,18.1257934570313,45.0328750610352,62.6510353088379,133.463836669922,44.2438735961914,17.4764060974121,0,8.09126949310303,55.4894981384277,0,0,0,1,0,0,0,0,0,1,1,0,0,0,9.0065746307373,0,0,0,0,0,8.09126949310303,7.92707109451294,25,11,15,18,25,30,47,27,28,15,18,225.998916625977,100.264335632324,135.943450927734,162.118347167969,223.753692626953,266.927673339844,415.892395019531,235.931488037109,237.731369018555,121.369041442871,142.687271118164,5,5,5,8,2,4,6,3,10,3,9,45.1997833251953,45.5746955871582,45.3144836425781,72.0525970458984,17.9002952575684,35.5903549194336,53.0926475524902,26.2146110534668,84.9040603637695,24.2738094329834,71.343635559082,12615,2479878.58349609,7188.77972337365
58,Yonge-Eglinton,100,53,62,66,64,59,90,91,64,122,105,172,450.373901367188,517.875061035156,540.319274902344,517.925048828125,472,712.6455078125,712.607666015625,492.990295410156,904.843139648438,736.273742675781,1171.662109375,6,9,3,2,11,12,17,28,34,40,30,50.985725402832,75.175407409668,24.5599670410156,16.1851577758789,88,95.019401550293,133.12451171875,215.683258056641,252.169403076172,280.485229492188,204.359680175781,11,19,22,21,14,16,38,14,14,16,23,93.4738235473633,158.703643798828,180.106430053711,169.94416809082,112,126.692535400391,297.572448730469,107.84162902832,103.834457397461,112.19409942627,156.675750732422,36,24,19,24,25,41,34,31,33,33,35,305.914337158203,200.467758178711,155.546463012695,194.221893310547,200,324.649627685547,266.2490234375,238.792175292969,244.752655029297,231.400329589844,238.419616699219,0,1,0,0,0,1,0,0,1,0,0,0,8.35282325744629,0,0,0,7.91828346252441,0,0,7.41674709320068,0,0,14,10,12,12,28,12,9,4,4,11,16,118.966690063477,83.5282287597656,98.2398681640625,97.1109466552734,224,95.019401550293,70.4776840209961,30.8118934631348,29.6669883728027,77.1334381103516,108.991828918457,0,0,0,0,0,1,0,0,1,2,1,0,0,0,0,0,7.91828346252441,0,0,7.41674709320068,14.0242624282837,6.81198930740356,23,11,8,24,22,44,42,22,34,18,22,195.445281982422,91.8810577392578,65.4932479858398,194.221893310547,176,348.404479980469,328.895843505859,169.465408325195,252.169403076172,126.218360900879,149.863754272461,5,5,2,4,5,9,7,2,6,15,21,42.4881019592285,41.7641143798828,16.37331199646,32.3703155517578,40,71.2645492553711,54.815975189209,15.4059467315674,44.5004806518555,105.18196105957,143.051773071289,14680,1650361.81811523,5685.35557146289
59,Mount Pleasant East,99,28,32,18,42,38,58,42,48,54,77,51,163.867263793945,186.328170776367,104.49927520752,244.869400024414,222.46940612793,341.116271972656,248.197616577148,283.102325439453,311.526489257813,426.262176513672,278.323516845703,7,4,8,10,15,17,19,38,64,57,49,40.9668159484863,23.2910213470459,46.4441223144531,58.3022384643555,87.8168716430664,99.9823532104492,112.27986907959,224.122680664063,369.216583251953,315.544738769531,267.408874511719,8,38,20,11,24,19,36,23,12,13,8,46.8192176818848,221.264709472656,116.110305786133,64.1324615478516,140.506988525391,111.744987487793,212.740814208984,135.653198242188,69.2281036376953,71.9663391113281,43.6585884094238,30,17,15,21,36,50,37,33,28,20,48,175.572067260742,98.9868392944336,87.0827255249023,122.434700012207,210.760498046875,294.065765380859,218.650283813477,194.632858276367,161.532241821289,110.717445373535,261.951538085938,0,0,0,0,0,0,0,0,0,0,0,0,0,0,0,0,0,0,0,0,0,0,1,7,3,8,9,13,15,9,4,8,5,5.8524022102356,40.7592887878418,17.4165458679199,46.6417922973633,52.6901245117188,76.4570922851563,88.6420059204102,53.0816879272461,23.0760364532471,44.286979675293,27.2866191864014,0,0,0,0,0,1,0,0,1,0,0,0,0,0,0,0,5.88131523132324,0,0,5.76900911331177,0,0,25,24,15,30,30,54,53,27,44,23,20,146.31005859375,139.746124267578,87.0827255249023,174.906723022461,175.633743286133,317.591003417969,313.201751708984,159.245056152344,253.836395263672,127.325065612793,109.146476745605,2,3,1,4,8,3,4,3,6,5,6,11.7048044204712,17.4682655334473,5.80551528930664,23.3208961486816,46.8356666564941,17.6439456939697,23.637866973877,17.6938953399658,34.6140518188477,27.6793613433838,32.7439422607422,18324,3093372.08886719,11322.3798169615
60,Rosedale-Moore Park,98,70,112,112,114,139,139,159,157,220,270,287,330.344512939453,529.475708007813,520.349365234375,532.635620117188,653.410400390625,657.832458496094,756.890563964844,745.807800292969,1018.75433349609,1196.01330566406,1248.09741210938,10,27,12,7,31,34,52,73,111,144,74,47.1920700073242,127.641471862793,55.7517204284668,32.705696105957,145.724624633789,160.908660888672,247.536529541016,346.776885986328,514.007873535156,637.873779296875,321.80908203125,49,68,54,55,69,75,76,54,76,45,52,231.241149902344,321.467407226563,250.882736206055,256.973327636719,324.354827880859,354.945587158203,361.7841796875,256.519866943359,351.933319091797,199.335540771484,226.136123657227,99,27,60,72,62,101,100,64,69,101,75,467.201507568359,127.641471862793,278.758605957031,336.401428222656,291.449249267578,477.993377685547,476.031799316406,304.023559570313,319.518402099609,447.397552490234,326.157867431641,0,0,0,0,1,0,0,1,1,1,0,0,0,0,0,4.7007942199707,0,0,4.75036811828613,4.63070154190063,4.42967891693115,0,19,21,19,33,26,26,26,29,21,24,24,89.6649398803711,99.2766952514648,88.273551940918,154.183990478516,122.220657348633,123.047798156738,123.768264770508,137.760681152344,97.2447357177734,106.312294006348,104.370513916016,0,1,1,0,0,0,1,1,2,1,2,0,4.72746181488037,4.64597654342651,0,0,0,4.7603178024292,4.75036811828613,9.26140308380127,4.42967891693115,8.69754314422607,90,43,45,53,71,64,51,34,45,46,56,424.728637695313,203.280853271484,209.068939208984,247.628829956055,333.756408691406,302.886901855469,242.776214599609,161.512512207031,208.381576538086,203.765228271484,243.531204223633,7,9,9,10,11,14,10,8,14,23,16,33.0344505310059,42.5471572875977,41.8137893676758,46.7224235534668,51.708740234375,66.2565078735352,47.6031799316406,38.0029449462891,64.8298187255859,101.882614135742,69.5803451538086,22995,4661570.71972656,9735.10648613359
61,Yonge-St.Clair,97,16,26,32,25,27,35,23,51,45,34,55,127.907905578613,205.663665771484,247.467330932617,191.233840942383,204.313278198242,262.231201171875,170.686462402344,372.698028564453,317.572326660156,227.363922119141,358.633270263672,2,3,7,2,6,6,9,13,32,40,20,15.9884881973267,23.7304229736328,54.1334762573242,15.2987070083618,45.4029502868652,44.9539222717285,66.7903518676758,95.00146484375,225.829223632813,267.486968994141,130.412109375,8,19,14,12,15,24,25,12,19,14,6,63.9539527893066,150.292678833008,108.266952514648,91.7922439575195,113.507377624512,179.815689086914,185.528762817383,87.6936569213867,134.086090087891,93.6204376220703,39.1236305236816,37,20,12,18,24,28,27,30,26,36,35,295.787048339844,158.202819824219,92.8002471923828,137.688369750977,181.611801147461,209.784973144531,200.371063232422,219.234146118164,183.486236572266,240.738265991211,228.221176147461,0,0,0,0,0,0,0,0,0,0,0,0,0,0,0,0,0,0,0,0,0,0,3,1,6,2,1,2,4,5,7,2,1,23.9827327728271,7.91014099121094,46.4001235961914,15.2987070083618,7.56715869903564,14.9846410751343,29.6846008300781,36.5390243530273,49.4001426696777,13.3743476867676,6.52060508728027,0,0,1,0,0,0,0,0,0,0,0,0,0,7.73335409164429,0,0,0,0,0,0,0,0,7,9,7,7,23,22,20,23,21,19,10,55.9597091674805,71.1912689208984,54.1334762573242,53.5454750061035,174.044647216797,164.8310546875,148.423004150391,168.079513549805,148.200424194336,127.056304931641,65.2060546875,3,5,7,0,3,6,3,3,1,2,5,23.9827327728271,39.5507049560547,54.1334762573242,0,22.7014751434326,44.9539222717285,22.2634506225586,21.9234142303467,7.05716323852539,13.3743476867676,32.60302734375,15336,1161370.63354492,5873.15937293483
62,Casa Loma,96,26,34,43,34,44,55,65,46,59,55,56,236.621765136719,308.166412353516,380.969268798828,298.455047607422,383.075042724609,475.326232910156,557.365783691406,388.251190185547,483.566925048828,428.749603271484,426.569152832031,4,3,5,8,18,5,20,21,30,43,22,36.4033508300781,27.1911544799805,44.2987518310547,70.2247161865234,156.712524414063,43.2114753723145,171.497177124023,177.245101928711,245.881484985352,335.204254150391,167.580749511719,18,19,15,11,17,19,24,18,6,9,6,163.815063476563,172.210647583008,132.896255493164,96.5589904785156,148.006271362305,164.20361328125,205.796600341797,151.924377441406,49.1762962341309,70.1590270996094,45.7038383483887,32,24,19,27,23,34,36,35,18,47,49,291.226806640625,217.529235839844,168.335250854492,237.008422851563,200.243774414063,293.838043212891,308.694915771484,295.408508300781,147.528884887695,366.386016845703,373.248016357422,0,0,0,0,1,0,0,0,0,0,0,0,0,0,0,8.70625114440918,0,0,0,0,0,0,8,5,2,9,6,8,3,1,10,15,11,72.8067016601563,45.3185882568359,17.7194995880127,79.0028076171875,52.2375068664551,69.1383666992188,25.7245750427246,8.44024276733398,81.9604949951172,116.931709289551,83.7903747558594,0,0,0,0,0,0,0,1,1,0,0,0,0,0,0,0,0,0,8.44024276733398,8.19604969024658,0,0,23,26,23,16,22,31,29,8,21,11,18,209.319259643555,235.656661987305,203.77424621582,140.449432373047,191.537521362305,267.911163330078,248.6708984375,67.5219421386719,172.117034912109,85.7499237060547,137.111511230469,4,5,7,7,2,2,7,4,3,6,6,36.4033508300781,45.3185882568359,62.0182495117188,61.4466285705566,17.4125022888184,17.2845916748047,60.0240097045898,33.7609710693359,24.5881481170654,46.7726860046387,45.7038383483887,13128,1922411.7980957,5937.69079738128
63,Annex,95,236,245,283,280,271,304,277,324,387,398,449,802.229919433594,828.654541015625,894.493957519531,883.085754394531,853.059692382813,955.073852539063,868.501892089844,1006.21118164063,1163.31494140625,1136.36364746094,1250.73120117188,13,15,20,25,34,27,39,39,69,84,65,44.1906318664551,50.7339515686035,63.2151222229004,78.8469390869141,107.025939941406,84.8256378173828,122.280052185059,121.118011474609,207.412750244141,239.835540771484,181.063537597656,102,115,128,143,133,152,169,123,82,81,99,346.726501464844,388.960296630859,404.576782226563,451.004516601563,418.660278320313,477.536926269531,529.880249023438,381.987579345703,246.490509033203,231.269989013672,275.773712158203,156,109,124,117,173,212,204,157,139,138,148,530.28759765625,368.666717529297,391.933746337891,369.003692626953,544.573181152344,666.038330078125,639.618713378906,487.57763671875,417.831481933594,394.015533447266,412.267761230469,0,0,0,0,2,1,0,0,0,0,0,0,0,0,0,6.29564332962036,3.14169025421143,0,0,0,0,0,51,52,49,68,45,38,43,52,44,63,44,173.363250732422,175.877700805664,154.877044677734,214.463684082031,141.651977539063,119.384231567383,134.821594238281,161.490676879883,132.263198852539,179.876663208008,122.56608581543,0,0,5,2,3,2,0,1,2,0,2,0,0,15.8037805557251,6.30775547027588,9.44346523284912,6.28338050842285,0,3.10559010505676,6.01196384429932,0,5.57118558883667,129,189,169,194,220,180,138,82,113,107,126,438.507049560547,639.247802734375,534.167785644531,611.852294921875,692.520751953125,565.504211425781,432.683258056641,254.658386230469,339.675964355469,305.504791259766,350.984710693359,23,19,23,31,46,41,32,34,38,64,78,78.1834259033203,64.2630081176758,72.6973876953125,97.7702102661133,144.7998046875,128.809295654297,100.33235168457,105.590065002441,114.227310180664,182.731842041016,217.276245117188,35899,2790299.21801758,7605.96627119131
64,Wychwood,94,53,70,82,53,74,69,84,56,79,91,100,389.791870117188,514.289916992188,554.166381835938,360.152221679688,506.052124023438,474.781524658203,581.435607910156,386.686920166016,536.903625488281,596.64306640625,649.688171386719,5,15,19,12,21,9,26,13,34,27,32,36.7728157043457,110.204978942871,128.404403686523,81.5438995361328,143.609375,61.9280242919922,179.968154907227,89.7666091918945,231.072448730469,177.025970458984,207.900207519531,11,36,35,20,14,22,20,13,16,13,8,80.9001998901367,264.491943359375,236.534439086914,135.906494140625,95.7395858764648,151.379623413086,138.437042236328,89.7666091918945,108.739974975586,85.2347259521484,51.9750518798828,31,29,29,38,30,49,45,33,28,41,36,227.991470336914,213.062957763672,195.98567199707,258.222351074219,205.156265258789,337.163696289063,311.483367919922,227.869079589844,190.294952392578,268.817199707031,233.887741088867,0,0,0,0,0,1,1,0,0,0,0,0,0,0,0,0,6.88089179992676,6.92185211181641,0,0,0,0,15,12,9,17,20,11,19,5,6,25,6,110.318450927734,88.1639862060547,60.8231391906738,115.520523071289,136.770843505859,75.689811706543,131.515197753906,34.5256195068359,40.7774925231934,163.912933349609,38.9812889099121,0,1,0,0,1,1,2,1,1,6,1,0,7.34699869155884,0,0,6.83854198455811,6.88089179992676,13.8437042236328,6.90512371063232,6.79624843597412,39.3391036987305,6.49688148498535,15,23,26,28,43,38,34,13,25,21,23,110.318450927734,168.980972290039,175.711288452148,190.269088745117,294.057312011719,261.473876953125,235.342971801758,89.7666091918945,169.906204223633,137.686859130859,149.428268432617,3,1,4,4,2,0,1,2,9,1,8,22.0636901855469,7.34699869155884,27.032506942749,27.1812992095947,13.6770839691162,0,6.92185211181641,13.8102474212646,61.1662368774414,6.55651712417603,51.9750518798828,15392,1682041.59423828,5434.89670190745
65,Corso Italia-Davenport,92,74,90,71,95,93,93,87,119,111,147,132,513.603576660156,624.133178710938,485.902008056641,658.168212890625,651.991027832031,659.995727539063,624.59619140625,858.152465820313,799.4814453125,1035.13842773438,934.910400390625,16,10,8,12,11,16,12,24,38,42,35,111.049415588379,69.3481292724609,54.7495193481445,83.1370391845703,77.1172180175781,113.547653198242,86.1511917114258,173.072769165039,273.696350097656,295.753814697266,247.892913818359,13,8,9,12,5,11,16,12,9,18,8,90.227653503418,55.4785003662109,61.5932121276855,83.1370391845703,35.053279876709,78.0640106201172,114.868263244629,86.5363845825195,64.8228149414063,126.751640319824,56.6612358093262,29,22,15,31,32,40,41,31,24,41,30,201.277069091797,152.565887451172,102.655349731445,214.77067565918,224.341003417969,283.869140625,294.349914550781,223.552322387695,172.86083984375,288.712066650391,212.479644775391,0,1,0,0,0,0,1,0,0,1,1,0,6.93481254577637,0,0,0,0,7.17926645278931,0,0,7.04175758361816,7.08265447616577,21,17,30,32,20,33,12,1,10,18,28,145.752365112305,117.891815185547,205.310699462891,221.698760986328,140.213119506836,234.192031860352,86.1511917114258,7.21136522293091,72.0253524780273,126.751640319824,198.314331054688,0,0,1,2,0,2,5,0,3,3,1,0,0,6.84368991851807,13.8561725616455,0,14.1934566497803,35.8963317871094,0,21.6076049804688,21.1252727508545,7.08265447616577,26,36,27,23,37,42,46,23,21,38,14,180.455307006836,249.653259277344,184.779632568359,159.345993041992,259.394287109375,298.062591552734,330.246246337891,165.861404418945,151.253234863281,267.586791992188,99.1571655273438,2,4,2,3,5,6,6,4,3,11,8,13.8811769485474,27.7392501831055,13.6873798370361,20.7842597961426,35.053279876709,42.5803718566895,43.0755958557129,28.8454608917236,21.6076049804688,77.4593353271484,56.6612358093262,14119,1889355.69067383,6089.31137563601
66,Weston-Pelham Park,91,92,95,83,77,87,115,102,92,100,119,130,780.322326660156,821.515075683594,724.511169433594,674.432861328125,765.508117675781,1016.43981933594,905.138000488281,812.003540039063,863.557861328125,984.447387695313,1057.59838867188,23,16,16,8,14,13,19,16,29,23,23,195.080581665039,138.360427856445,139.664810180664,70.0709457397461,123.185218811035,114.901893615723,168.604141235352,141.218002319336,250.431777954102,190.271347045898,187.113571166992,16,13,4,6,0,9,6,2,3,7,4,135.708221435547,112.417846679688,34.916202545166,52.5532112121582,0,79.5474624633789,53.2434120178223,17.652250289917,25.9067363739014,57.9086685180664,32.5414886474609,26,23,16,8,23,24,30,23,14,38,28,220.525863647461,198.893112182617,139.664810180664,70.0709457397461,202.375717163086,212.126571655273,266.217041015625,203.000885009766,120.898101806641,314.361358642578,227.790435791016,1,1,1,0,1,1,0,0,0,0,1,8.48176383972168,8.64752674102783,8.7290506362915,0,8.7989444732666,8.83860683441162,0,0,0,0,8.13537216186523,11,13,15,10,25,5,4,6,11,6,8,93.2994079589844,112.417846679688,130.935760498047,87.5886840820313,219.973602294922,44.1930351257324,35.4956092834473,52.9567527770996,94.9913635253906,49.6360015869141,65.0829772949219,1,1,4,2,4,3,4,4,4,4,7,8.48176383972168,8.64752674102783,34.916202545166,17.5177364349365,35.1957778930664,26.5158214569092,35.4956092834473,35.304500579834,34.5423126220703,33.0906677246094,56.9476089477539,22,28,21,11,27,24,36,17,17,16,33,186.598815917969,242.130752563477,183.31005859375,96.3475494384766,237.571487426758,212.126571655273,319.460479736328,150.044128417969,146.804840087891,132.362670898438,268.46728515625,4,4,8,1,2,3,3,1,3,4,4,33.9270553588867,34.5901069641113,69.832405090332,8.75886821746826,17.5978889465332,26.5158214569092,26.6217060089111,8.8261251449585,25.9067363739014,33.0906677246094,32.5414886474609,12292,1455888.94921875,5546.76814489661
67,Junction Area,90,102,102,107,91,135,94,103,116,113,133,158,709.417175292969,709.367797851563,725.22705078125,617.451477050781,917.618286132813,639.629821777344,701.873962402344,784.8974609375,746.317932128906,841.13330078125,981.732299804688,25,25,20,24,38,31,36,27,46,46,70,173.876754760742,173.864669799805,135.556457519531,162.844345092773,258.292541503906,210.941757202148,245.315155029297,182.691650390625,303.810852050781,290.918304443359,434.944702148438,25,20,26,23,26,22,21,15,10,16,24,173.876754760742,139.091735839844,176.223403930664,156.059173583984,176.726486206055,149.700592041016,143.100509643555,101.495361328125,66.0458374023438,101.188972473145,149.123901367188,36,33,33,46,62,43,51,45,56,68,67,250.382522583008,229.501358032227,223.668151855469,312.118347167969,421.424682617188,292.596618652344,347.529815673828,304.486083984375,369.856689453125,430.053131103516,416.30419921875,1,0,0,0,0,0,0,0,0,0,1,6.95507001876831,0,0,0,0,0,0,0,0,0,6.21349573135376,15,17,13,17,26,15,12,9,23,19,14,104.326057434082,118.227973937988,88.111701965332,115.348083496094,176.726486206055,102.068588256836,81.7717208862305,60.8972206115723,151.905426025391,120.161903381348,86.9889373779297,1,1,1,0,1,2,0,0,0,1,0,6.95507001876831,6.95458650588989,6.77782297134399,0,6.79717254638672,13.6091451644897,0,0,0,6.32431077957153,0,34,38,35,47,64,53,52,36,43,40,55,236.472381591797,264.274291992188,237.22380065918,318.903503417969,435.01904296875,360.642364501953,354.344116210938,243.588882446289,283.997100830078,252.972427368164,341.742279052734,4,2,4,8,6,9,6,5,13,9,14,27.8202800750732,13.9091730117798,27.111291885376,54.2814483642578,40.7830352783203,61.241153717041,40.8858604431152,33.831787109375,85.8595886230469,56.9187965393066,86.9889373779297,16094,2631929.67919922,7789.87315287201
68,Oakridge,121,169,184,143,167,163,165,158,190,186,215,246,1205.5068359375,1312.78540039063,1002.38330078125,1166.201171875,1135.65112304688,1146.07214355469,1096.23254394531,1307.90942382813,1252.01940917969,1387.45483398438,1564.68640136719,21,15,11,11,15,9,21,20,23,23,25,149.79670715332,107.020545959473,77.1064071655273,76.8156433105469,104.507766723633,62.5130233764648,145.701797485352,137.674667358398,154.819595336914,148.425399780273,159.012847900391,14,15,4,11,12,10,6,8,7,3,2,99.8644714355469,107.020545959473,28.0386924743652,76.8156433105469,83.6062164306641,69.4589157104492,41.6290855407715,55.0698699951172,47.119010925293,19.3598346710205,12.7210283279419,63,67,59,69,65,50,36,28,35,29,37,449.390106201172,478.025115966797,413.570739746094,481.843566894531,452.867004394531,347.294586181641,249.774505615234,192.744537353516,235.59504699707,187.145065307617,235.339019775391,0,1,0,0,0,0,1,0,0,0,2,0,7.13470315933228,0,0,0,0,6.93818092346191,0,0,0,12.7210283279419,48,34,30,37,37,33,26,22,11,18,24,342.392456054688,242.57991027832,210.29020690918,258.3798828125,257.785827636719,229.214416503906,180.392700195313,151.442138671875,74.0441589355469,116.15901184082,152.652328491211,3,12,3,7,4,2,8,3,1,3,8,21.399528503418,85.6164398193359,21.0290203094482,48.882682800293,27.8687381744385,13.8917827606201,55.5054473876953,20.6512012481689,6.73128700256348,19.3598346710205,50.8841133117676,34,77,71,56,60,50,48,66,62,54,26,242.52799987793,549.372131347656,497.686798095703,391.061462402344,418.031066894531,347.294586181641,333.032684326172,454.326416015625,417.339782714844,348.477020263672,165.37336730957,2,4,10,1,4,6,4,5,7,5,9,14.2663526535034,28.5388126373291,70.0967330932617,6.98324012756348,27.8687381744385,41.675350189209,27.7527236938477,34.4186668395996,47.119010925293,32.2663917541504,57.2446250915527,15722,1878205.05322266,7809.47816470049
69,Clairlea-Birchmount,120,250,260,241,246,288,289,191,231,252,279,369,946.89794921875,972.507934570313,866.875305175781,879.325134277344,1022.50939941406,1020.04797363281,669.869873046875,800.332580566406,861.626831054688,922.070190429688,1213.29699707031,43,28,47,39,45,70,52,49,72,121,139,162.866455078125,104.731628417969,169.058670043945,139.405197143555,159.76708984375,247.070449829102,182.372955322266,169.767517089844,246.179092407227,399.894256591797,457.041381835938,26,20,8,17,10,6,4,12,5,8,9,98.4773864746094,74.8083038330078,28.7759437561035,60.7663726806641,35.5037994384766,21.1774673461914,14.0286884307861,41.5757179260254,17.0957698822021,26.4392890930176,29.5926074981689,129,115,87,102,65,65,59,57,77,59,58,488.599334716797,430.147735595703,312.938385009766,364.598236083984,230.774688720703,229.422561645508,206.923156738281,197.484664916992,263.274871826172,194.989761352539,190.707916259766,0,2,1,0,3,1,1,1,1,0,0,0,7.48083019256592,3.59699296951294,0,10.6511392593384,3.52957797050476,3.50717210769653,3.46464323997498,3.41915416717529,0,0,50,46,44,56,29,37,31,9,18,21,14,189.379592895508,172.059097290039,158.267684936523,200.171569824219,102.961013793945,130.594375610352,108.72233581543,31.1817893981934,61.5447731018066,69.4031295776367,46.0329475402832,3,5,0,0,7,3,2,2,4,4,4,11.3627758026123,18.702075958252,0,0,24.8526592254639,10.5887336730957,7.01434421539307,6.92928647994995,13.6766166687012,13.2196445465088,13.1522703170776,102,96,109,104,141,130,110,140,116,90,86,386.334381103516,359.079864501953,392.072235107422,371.747222900391,500.603576660156,458.845123291016,385.788940429688,485.050079345703,396.621887207031,297.441986083984,282.773803710938,4,15,18,7,12,15,6,14,15,9,9,15.1503677368164,56.1062278747559,64.7458724975586,25.0214462280273,42.6045570373535,52.9436683654785,21.0430335998535,48.5050048828125,51.2873115539551,29.7441997528076,29.5926074981689,30413,7397931.57397461,16486.0654452645
70,Wexford/Maryvale,119,195,226,212,210,210,246,168,216,212,258,361,691.685607910156,799.716918945313,737.930297851563,726.869934082031,722.369384765625,841.946716308594,571.837036132813,726.7099609375,709.101257324219,841.075805664063,1178.89099121094,60,54,44,68,87,99,89,92,130,208,182,212.82633972168,191.082809448242,153.155349731445,235.367416381836,299.267303466797,338.832214355469,302.937469482422,309.524597167969,434.826232910156,678.076599121094,594.343933105469,19,10,8,5,7,6,12,10,12,27,18,67.3950042724609,35.3857040405273,27.8464260101318,17.3064270019531,24.0789794921875,20.535285949707,40.8455009460449,33.6439781188965,40.1378059387207,88.0195617675781,58.7812690734863,125,92,76,87,100,86,81,70,75,77,67,443.38818359375,325.548492431641,264.541046142578,301.1318359375,343.985412597656,294.339111328125,275.707122802734,235.507858276367,250.861297607422,251.018737792969,218.796936035156,1,0,2,0,2,1,1,2,1,0,1,3.54710555076599,0,6.96160650253296,0,6.8797082901001,3.42254781723022,3.40379190444946,6.72879600524902,3.34481716156006,0,3.26562595367432,53,38,26,35,35,32,29,28,40,30,46,187.996597290039,134.465682983398,90.5008850097656,121.144996643066,120.394897460938,109.521530151367,98.7099609375,94.2031402587891,133.792694091797,97.7995147705078,150.218795776367,3,3,4,6,6,3,3,5,5,4,18,10.6413164138794,10.6157112121582,13.9232130050659,20.7677135467529,20.6391258239746,10.2676429748535,10.2113752365112,16.8219890594482,16.7240867614746,13.0399351119995,58.7812690734863,114,130,117,133,94,88,133,139,141,119,125,404.370025634766,460.01416015625,407.253997802734,460.350982666016,323.346282958984,301.184204101563,452.704315185547,467.651306152344,471.619232177734,387.938049316406,408.203247070313,17,16,13,11,13,14,11,15,22,20,23,60.3007926940918,56.6171264648438,45.2504425048828,38.0741424560547,44.7181053161621,47.9156684875488,37.4417114257813,50.4659690856934,73.5859756469727,65.1996765136719,75.1093978881836,30622,10264126.3745117,14186.799529797
71,Tam O'Shanter-Sullivan,118,104,89,100,122,127,109,132,119,114,134,118,371.946624755859,319.752807617188,354.72314453125,431.263031005859,448.082427978516,383.586700439453,464.020812988281,414.981170654297,386.689727783203,433.474578857422,373.867309570313,23,19,21,18,31,24,38,59,78,103,73,82.2574310302734,68.2618408203125,74.4918594360352,63.6289710998535,109.374450683594,84.4594573974609,133.581741333008,205.746963500977,264.577178955078,333.193145751953,231.290786743164,2,2,3,5,4,6,13,7,9,16,13,7.15282011032104,7.1854567527771,10.6416940689087,17.6747150421143,14.112832069397,21.1148643493652,45.6990203857422,24.4106578826904,30.5281372070313,51.7581596374512,41.1887702941895,49,68,62,54,77,67,54,15,35,43,44,175.244094848633,244.305526733398,219.928344726563,190.886917114258,271.672027587891,235.782653808594,189.826690673828,52.3085517883301,118.72053527832,139.100051879883,139.408142089844,0,1,0,0,1,2,1,0,1,0,0,0,3.59272837638855,0,0,3.52820801734924,7.03828811645508,3.51530909538269,0,3.39201521873474,0,0,25,36,25,26,17,28,18,11,32,21,25,89.4102478027344,129.338226318359,88.6807861328125,91.9085159301758,59.9795379638672,98.5360336303711,63.2755661010742,38.3596038818359,108.544486999512,67.9325866699219,79.2091751098633,0,3,2,2,4,3,2,5,1,3,5,0,10.7781848907471,7.09446287155151,7.06988573074341,14.112832069397,10.5574321746826,7.03061819076538,17.4361839294434,3.39201521873474,9.70465469360352,15.8418350219727,66,56,43,77,54,60,57,58,100,70,56,236.043060302734,201.192779541016,152.530944824219,272.190612792969,190.523239135742,211.148651123047,200.372619628906,202.259735107422,339.201507568359,226.441955566406,177.428558349609,4,7,8,8,3,3,3,5,5,4,8,14.3056402206421,25.149097442627,28.3778514862061,28.2795429229736,10.5846242904663,10.5574321746826,10.5459270477295,17.4361839294434,16.960075378418,12.9395399093628,25.3469352722168,31562,5421907.20019531,10749.9966236586
72,Steeles,116,45,36,44,41,33,44,39,49,44,49,50,177.423812866211,143.329223632813,174.016220092773,164.256240844727,133.977508544922,181.040161132813,162.317398071289,204.260284423828,179.914947509766,192.269958496094,193.274063110352,20,16,31,31,24,31,29,45,41,63,43,78.8550262451172,63.7018737792969,122.602333068848,124.193740844727,97.4381866455078,127.55101776123,120.697547912598,187.585983276367,167.648025512695,247.204238891602,166.215698242188,1,3,1,6,0,0,0,0,1,3,6,3.94275116920471,11.9441013336182,3.95491409301758,24.0374984741211,0,0,0,0,4.08897590637207,11.7716302871704,23.1928882598877,62,59,48,43,62,66,25,17,33,27,27,244.450576782227,234.900665283203,189.835876464844,172.268737792969,251.715316772461,271.560241699219,104.049613952637,70.8658142089844,134.936218261719,105.944671630859,104.36799621582,0,0,0,0,0,0,0,0,0,0,0,0,0,0,0,0,0,0,0,0,0,0,8,9,15,5,9,8,6,7,7,7,9,31.5420093536377,35.8323059082031,59.3237113952637,20.0312480926514,36.5393218994141,32.9163932800293,24.9719066619873,29.1800403594971,28.6228332519531,27.4671382904053,34.7893295288086,2,0,0,0,1,0,2,1,0,1,0,7.88550233840942,0,0,0,4.05992460250854,0,8.3239688873291,4.16857719421387,0,3.92387676239014,0,24,26,21,32,41,40,20,27,41,23,15,94.6260299682617,103.515548706055,83.0531921386719,128.199996948242,166.456909179688,164.581954956055,83.2396850585938,112.551582336426,167.648025512695,90.2491683959961,57.9822196960449,3,3,2,6,3,5,1,2,4,1,4,11.8282537460327,11.9441013336182,7.90982818603516,24.0374984741211,12.1797733306885,20.5727443695068,4.16198444366455,8.33715438842773,16.3559036254883,3.92387676239014,15.4619245529175,25870,4561098.04492188,8964.60086803805
73,Mount Dennis,115,97,102,111,101,89,92,72,98,119,124,133,713.445129394531,748.568908691406,792.630676269531,722.822570800781,638.817138671875,661.775268554688,519.405578613281,703.972412109375,845.771118164063,854.995544433594,914.152160644531,27,14,19,15,16,23,24,26,39,55,37,198.587814331055,102.744750976563,135.675521850586,107.349891662598,114.843528747559,165.443817138672,173.135192871094,186.768188476563,277.185485839844,379.231872558594,254.313018798828,3,1,3,5,2,2,1,6,4,3,4,22.0653133392334,7.33891105651855,21.4224510192871,35.7832946777344,14.3554410934448,14.3864192962646,7.21396636962891,43.1003532409668,28.4292812347412,20.685375213623,27.4932975769043,18,20,31,17,21,14,22,15,24,31,32,132.391876220703,146.778213500977,221.365325927734,121.663208007813,150.732131958008,100.704933166504,158.707260131836,107.750877380371,170.575698852539,213.748886108398,219.946380615234,1,0,0,0,1,3,1,1,0,0,0,7.35510444641113,0,0,0,7.17772054672241,21.5796279907227,7.21396636962891,7.18339204788208,0,0,0,28,13,34,36,10,16,19,11,7,7,15,205.942916870117,95.4058380126953,242.787780761719,257.639739990234,71.7772064208984,115.091354370117,137.065353393555,79.0173110961914,49.7512435913086,48.2658767700195,103.099868774414,4,1,3,1,4,4,1,2,2,2,9,29.4204177856445,7.33891105651855,21.4224510192871,7.15665912628174,28.7108821868896,28.7728385925293,7.21396636962891,14.3667840957642,14.2146406173706,13.7902498245239,61.859920501709,20,54,19,18,31,29,41,33,38,32,34,147.102081298828,396.301177978516,135.675521850586,128.819869995117,222.509338378906,208.603073120117,295.772613525391,237.051940917969,270.078186035156,220.643997192383,233.69303894043,3,1,0,5,1,5,3,3,5,7,6,22.0653133392334,7.33891105651855,0,35.7832946777344,7.17772054672241,35.9660491943359,21.6418991088867,21.5501766204834,35.5366020202637,48.2658767700195,41.2399482727051,14549,2129361.63085938,6852.14104600924
74,Lambton Baby Point,114,27,41,20,22,25,26,31,34,54,31,44,328.427185058594,499.939025878906,243.813232421875,268.129180908203,304.3583984375,316.725555419922,377.358489990234,410.826477050781,646.706604003906,361.094940185547,511.746917724609,7,6,1,9,16,10,11,11,24,22,8,85.1477890014648,73.1618118286133,12.1906623840332,109.68921661377,194.78938293457,121.817520141602,133.901397705078,132.914443969727,287.425140380859,256.260925292969,93.0448913574219,7,10,6,3,6,9,10,6,6,1,2,85.1477890014648,121.936347961426,73.1439743041992,36.5630722045898,73.0460205078125,109.635765075684,121.728546142578,72.4987945556641,71.8562850952148,11.6482238769531,23.2612228393555,17,13,9,10,10,15,13,6,11,15,15,206.787490844727,158.51725769043,109.715957641602,121.876907348633,121.743362426758,182.726272583008,158.247116088867,72.4987945556641,131.736526489258,174.723358154297,174.459182739258,0,0,0,0,0,0,0,0,0,0,0,0,0,0,0,0,0,0,0,0,0,0,1,8,5,2,1,4,1,0,1,5,3,12.1639699935913,97.5490798950195,60.9533081054688,24.3753814697266,12.1743364334106,48.7270088195801,12.1728544235229,0,11.9760475158691,58.2411193847656,34.8918342590332,1,3,0,1,0,3,0,0,1,1,3,12.1639699935913,36.5809059143066,0,12.1876907348633,0,36.5452537536621,0,0,11.9760475158691,11.6482238769531,34.8918342590332,22,14,14,7,24,17,16,7,6,8,10,267.607360839844,170.710891723633,170.66926574707,85.313835144043,292.18408203125,207.089782714844,194.765670776367,84.5819244384766,71.8562850952148,93.185791015625,116.306114196777,0,2,2,0,2,1,2,1,1,2,1,0,24.3872699737549,24.3813247680664,0,24.3486728668213,12.181752204895,24.3457088470459,12.0831317901611,11.9760475158691,23.2964477539063,11.6306114196777,8598,1782160.22265625,8074.06270249685
75,Weston,113,174,151,183,181,161,191,204,204,242,242,257,937.5,819.316345214844,980.549743652344,959.296142578125,844.036682128906,990.972290039063,1047.658203125,1031.03198242188,1192.52941894531,1140.21862792969,1190.6416015625,55,35,40,44,55,46,78,60,99,108,90,296.336212158203,189.907760620117,214.327819824219,233.199066162109,288.335510253906,238.663482666016,400.5751953125,303.244720458984,487.852966308594,508.85791015625,416.956207275391,7,5,6,11,13,8,10,6,6,11,12,37.715518951416,27.1296806335449,32.1491737365723,58.2997665405273,68.1520309448242,41.5066947937012,51.3557929992676,30.3244724273682,29.5668449401855,51.8281173706055,55.5941619873047,33,54,44,75,38,58,24,36,46,61,53,177.801727294922,293.000549316406,235.760589599609,397.498413085938,199.213623046875,300.923522949219,123.25390625,181.946838378906,226.679153442383,287.410491943359,245.540878295898,0,0,3,1,1,2,3,0,2,1,5,0,0,16.0745868682861,5.29997873306274,5.24246406555176,10.3766736984253,15.40673828125,0,9.85561561584473,4.71164703369141,23.164234161377,35,44,42,46,42,22,27,25,32,36,56,188.577590942383,238.741180419922,225.044204711914,243.799026489258,220.183486938477,114.143402099609,138.66064453125,126.35196685791,157.689849853516,169.619293212891,259.439422607422,3,6,13,8,8,13,5,4,5,4,8,16.1637935638428,32.5556144714355,69.6565399169922,42.399829864502,41.9397125244141,67.4483795166016,25.6778964996338,20.2163143157959,24.6390380859375,18.8465881347656,37.0627746582031,76,63,93,84,73,71,88,70,86,60,70,409.482757568359,341.833953857422,498.312164306641,445.198211669922,382.699859619141,368.371887207031,451.930969238281,353.785491943359,423.791442871094,282.698822021484,324.299285888672,5,3,4,3,8,4,10,5,9,4,8,26.9396553039551,16.2778072357178,21.4327812194824,15.8999366760254,41.9397125244141,20.7533473968506,51.3557929992676,25.270393371582,44.350269317627,18.8465881347656,37.0627746582031,21585,2565620.89819336,10202.5084095516
76,Beechborough-Greenbrook,112,64,76,63,63,52,70,52,58,71,88,97,963.275146484375,1150.46923828125,930.026550292969,933.056884765625,772.659729003906,1045.244140625,779.142944335938,866.447570800781,1014.72058105469,1181.04956054688,1256.96508789063,10,7,9,11,12,13,15,18,21,23,32,150.511734008789,105.96427154541,132.860931396484,162.914688110352,178.306091308594,194.116775512695,224.752777099609,268.897521972656,300.128631591797,308.683410644531,414.668914794922,1,5,1,0,1,1,0,0,0,3,0,15.0511741638184,75.6887664794922,14.7623262405396,0,14.8588409423828,14.9320592880249,0,0,0,40.2630500793457,0,20,15,11,16,25,11,7,7,13,24,15,301.023468017578,227.066299438477,162.385589599609,236.966827392578,371.471038818359,164.252655029297,104.884628295898,104.571258544922,185.793914794922,322.104400634766,194.376052856445,0,0,0,1,0,0,0,2,0,1,2,0,0,0,14.8104267120361,0,0,0,29.8775024414063,0,13.4210176467896,25.9168071746826,21,12,25,11,13,12,4,13,2,13,12,316.074645996094,181.653045654297,369.058166503906,162.914688110352,193.164932250977,179.184707641602,59.9340744018555,194.203765869141,28.5836791992188,174.473220825195,155.500839233398,1,5,1,1,0,5,1,5,2,5,13,15.0511741638184,75.6887664794922,14.7623262405396,14.8104267120361,0,74.6602935791016,14.9835186004639,74.6937561035156,28.5836791992188,67.1050872802734,168.459243774414,9,17,9,18,12,8,21,13,25,13,22,135.460571289063,257.341796875,132.860931396484,266.587677001953,178.306091308594,119.456474304199,314.653869628906,194.203765869141,357.295989990234,174.473220825195,285.084869384766,2,5,4,2,0,3,3,0,2,7,3,30.1023483276367,75.6887664794922,59.0493049621582,29.6208534240723,0,44.7961769104004,44.950553894043,0,28.5836791992188,93.9471206665039,38.8752098083496,7717,1833583.37817383,6414.63723799029
77,Rockcliffe-Smythe,111,134,136,141,113,132,148,126,139,174,179,200,580.715087890625,591.973510742188,615.693664550781,493.148284912109,575.389038085938,644.599304199219,548.18359375,600.094970703125,745.916748046875,746.019836425781,833.889282226563,48,41,33,50,52,38,62,47,62,77,57,208.017333984375,178.462615966797,144.098510742188,218.207214355469,226.668411254883,165.505233764648,269.741149902344,202.909820556641,265.786437988281,320.91357421875,237.658432006836,11,13,9,12,6,5,1,11,7,12,7,47.6706390380859,56.5857048034668,39.2995948791504,52.3697319030762,26.1540470123291,21.7770042419434,4.35066366195679,47.4895324707031,30.0081443786621,50.0125045776367,29.1861248016357,37,38,38,37,24,43,37,35,33,53,35,160.346694946289,165.404373168945,165.931625366211,161.473327636719,104.616188049316,187.2822265625,160.974548339844,151.103057861328,141.46696472168,220.888549804688,145.930618286133,0,2,0,0,0,1,2,1,0,0,3,0,8.70549297332764,0,0,0,4.35540056228638,8.70132732391357,4.31723022460938,0,0,12.5083389282227,38,37,61,45,19,9,14,16,19,20,11,164.680389404297,161.051620483398,266.363922119141,196.386489868164,82.8211517333984,39.1986045837402,60.9092903137207,69.07568359375,81.4506759643555,83.3541717529297,45.8639106750488,2,6,3,1,4,6,5,12,7,8,3,8.66738891601563,26.1164798736572,13.0998649597168,4.36414432525635,17.4360313415527,26.1324043273926,21.7533168792725,51.8067588806152,30.0081443786621,33.341667175293,12.5083389282227,51,54,42,58,75,72,66,42,59,92,81,221.018417358398,235.048309326172,183.398101806641,253.120361328125,326.925598144531,313.588836669922,287.143798828125,181.323669433594,252.925796508789,383.42919921875,337.725158691406,7,3,4,10,15,9,4,5,12,11,7,30.3358612060547,13.0582399368286,17.4664859771729,43.6414413452148,65.3851165771484,39.1986045837402,17.4026546478271,21.5861511230469,51.4425354003906,45.8447952270508,29.1861248016357,23984,5070942.53564453,11620.7453970318
78,Keelesdale-Eglinton West,110,67,54,54,60,73,57,79,74,104,106,84,588.02880859375,472.689086914063,473.601135253906,521.920654296875,630.724060058594,488.683135986328,672.512145996094,619.869323730469,865.872924804688,858.647216796875,681.044250488281,18,14,16,27,22,33,23,24,29,34,23,157.977890014648,122.549018859863,140.326263427734,234.864303588867,190.08122253418,282.921813964844,195.794677734375,201.038696289063,241.445343017578,275.415161132813,186.476409912109,3,4,3,6,3,2,5,2,3,2,2,26.329647064209,35.0140037536621,26.3111743927002,52.192066192627,25.920166015625,17.1467761993408,42.5640602111816,16.7532253265381,24.9771041870117,16.200891494751,16.2153396606445,23,20,14,14,31,18,23,27,17,29,14,201.860626220703,175.070022583008,122.78547668457,121.78148651123,267.841705322266,154.320983886719,195.794677734375,226.168533325195,141.536926269531,234.91291809082,113.507377624512,1,0,0,0,0,1,0,3,0,1,0,8.77654933929443,0,0,0,0,8.57338809967041,0,25.1298370361328,0,8.10044574737549,0,30,19,16,22,20,11,11,7,10,25,10,263.296478271484,166.316528320313,140.326263427734,191.370910644531,172.80110168457,94.3072738647461,93.6409301757813,58.636287689209,83.2570114135742,202.511138916016,81.0766983032227,2,4,1,3,5,0,2,2,0,1,1,17.5530986785889,35.0140037536621,8.7703914642334,26.0960330963135,43.2002754211426,0,17.0256233215332,16.7532253265381,0,8.10044574737549,8.10766983032227,18,17,11,21,21,28,31,34,34,22,53,157.977890014648,148.809524536133,96.4743041992188,182.672241210938,181.441162109375,240.054870605469,263.897155761719,284.804840087891,283.073852539063,178.209808349609,429.706512451172,1,2,0,4,3,8,3,1,0,2,4,8.77654933929443,17.5070018768311,0,34.7947120666504,25.920166015625,68.5871047973633,25.5384349822998,8.37661266326904,0,16.200891494751,32.4306793212891,12334,1750632.40014648,5675.40834137485
79,Palmerston-Little Italy,80,89,86,67,77,85,88,51,72,84,79,69,618.141418457031,599.595642089844,465.601104736328,539.744873046875,600.876586914063,627.719543457031,366.800933837891,517.873840332031,602.064208984375,552.756774902344,484.550567626953,15,15,17,15,21,15,15,10,27,13,15,104.181137084961,104.580635070801,118.137596130371,105.14510345459,148.451858520508,106.99764251709,107.882621765137,71.9269256591797,193.520645141602,90.9599761962891,105.33708190918,45,52,53,52,66,50,63,28,31,33,49,312.543395996094,362.546203613281,368.311340332031,364.503021240234,466.56298828125,356.658813476563,453.107025146484,201.395385742188,222.190368652344,230.898406982422,344.101135253906,55,43,39,37,46,51,48,32,36,35,44,381.997497558594,299.797821044922,271.021545410156,259.35791015625,325.180267333984,363.7919921875,345.224395751953,230.166152954102,258.027526855469,244.892242431641,308.98876953125,0,0,0,0,0,0,0,1,1,2,0,0,0,0,0,0,0,0,7.19269227981567,7.16743135452271,13.9938430786133,0,26,17,23,12,21,11,6,9,11,20,8,180.580642700195,118.524719238281,159.833221435547,84.116081237793,148.451858520508,78.4649429321289,43.1530494689941,64.7342300415039,78.8417434692383,139.938430786133,56.1797752380371,1,1,0,1,0,0,0,0,0,2,2,6.94540929794312,6.97204208374023,0,7.00967311859131,0,0,0,0,0,13.9938430786133,14.0449438095093,41,108,46,80,70,60,49,22,35,30,10,284.761779785156,752.980529785156,319.666442871094,560.773864746094,494.839538574219,427.990570068359,352.416564941406,158.239227294922,250.860092163086,209.907638549805,70.2247161865234,6,1,6,7,10,12,4,0,8,8,6,41.6724548339844,6.97204208374023,41.6956214904785,49.0677146911621,70.6913604736328,85.5981140136719,28.7686996459961,0,57.3394508361816,55.9753723144531,42.1348304748535,14240,1435255.54345703,4967.49937721841
80,University,79,135,160,130,163,123,132,84,95,99,130,140,1918.15856933594,2285.0615234375,1643.07385253906,2056.7822265625,1549.89916992188,1663.51611328125,1059.2685546875,1191.8203125,1225.09594726563,1559.68811035156,1673.44006347656,11,11,13,7,12,13,6,9,13,9,13,156.294403076172,157.09797668457,164.307388305664,88.3280792236328,151.209671020508,163.831130981445,75.6620407104492,112.909294128418,160.871185302734,107.978401184082,155.390869140625,108,111,139,140,137,71,65,62,116,53,67,1534.52685546875,1585.26135253906,1756.82507324219,1766.5615234375,1726.31042480469,894.77001953125,819.672119140625,777.819580078125,1435.46594238281,635.872802734375,800.860656738281,73,60,51,64,73,92,60,32,39,55,53,1037.22644042969,856.898010253906,644.590515136719,807.570983886719,919.85888671875,1159.42028808594,756.620422363281,401.455261230469,482.613525390625,659.868041992188,633.5166015625,0,0,0,1,0,1,0,0,0,0,0,0,0,0,12.61829662323,0,12.6023941040039,0,0,0,0,0,53,19,33,25,18,13,12,10,15,15,19,753.054870605469,271.351043701172,417.087982177734,315.457427978516,226.814514160156,163.831130981445,151.324081420898,125.454772949219,185.620590209961,179.964004516602,227.109725952148,0,0,0,1,0,0,0,1,1,0,1,0,0,0,12.61829662323,0,0,0,12.5454769134521,12.3747062683105,0,11.9531440734863,90,68,72,121,71,58,57,21,39,40,40,1278.77233886719,971.151123046875,910.010131835938,1526.81384277344,894.657287597656,730.938903808594,718.789428710938,263.455017089844,482.613525390625,479.904022216797,478.125732421875,7,10,6,4,20,7,5,5,12,11,10,99.460075378418,142.816345214844,75.8341751098633,50.4731864929199,252.016128540039,88.2167587280273,63.051700592041,62.7273864746094,148.496475219727,131.973602294922,119.531433105469,8366,1405204.4987793,4971.74289705384
81,Kensington-Chinatown,78,355,397,388,440,462,405,416,405,409,482,477,1915.91564941406,2166.08471679688,2078.53442382813,2326.56518554688,2418.21508789063,2103.458984375,2140.46826171875,2046.17797851563,1966.34619140625,2162.0166015625,2049.76147460938,27,25,31,33,22,43,58,24,41,48,26,145.717529296875,136.4033203125,166.068466186523,174.492385864258,115.153099060059,223.330215454102,298.4306640625,121.254989624023,197.115386962891,215.304565429688,111.727043151855,95,105,130,149,142,124,101,110,92,137,114,512.709777832031,572.893920898438,696.416137695313,787.859558105469,743.260925292969,644.022033691406,519.680969238281,555.752014160156,442.307678222656,614.51513671875,489.880096435547,103,99,81,107,240,278,174,98,105,145,152,555.885375976563,540.157165527344,433.920837402344,565.7783203125,1256.21569824219,1443.85583496094,895.2919921875,495.124542236328,504.807678222656,650.399230957031,653.173461914063,0,1,5,0,3,0,1,2,1,1,0,0,5.45613288879395,26.7852363586426,0,15.7026958465576,0,5.14535617828369,10.1045827865601,4.807692527771,4.48551177978516,0,72,58,66,95,85,49,41,32,50,46,62,388.580078125,316.455688476563,353.565124511719,502.326568603516,444.909698486328,254.492568969727,210.959609985352,161.673324584961,240.384613037109,206.333541870117,266.426025390625,3,4,9,9,7,6,6,9,4,5,7,16.1908359527588,21.8245315551758,48.2134246826172,47.5888328552246,36.6396217346191,31.1623554229736,30.8721370697021,45.4706192016602,19.230770111084,22.4275588989258,30.0803565979004,557,534,532,413,283,349,195,92,97,104,306,3006.0986328125,2913.57495117188,2849.94921875,2183.79858398438,1481.28759765625,1812.6103515625,1003.34448242188,464.810791015625,466.346160888672,466.493225097656,1314.94128417969,18,36,20,27,25,38,27,22,20,28,63,97.14501953125,196.420776367188,107.14094543457,142.766494750977,130.855804443359,197.361587524414,138.924621582031,111.150405883789,96.1538467407227,125.594329833984,270.723205566406,23271,1534624.3059082,5024.35267570997
82,North St.James Town,74,152,162,137,159,174,225,228,265,224,272,283,803.467590332031,852.541809082031,707.68115234375,819.6298828125,895.15380859375,1154.79370117188,1167.9130859375,1344.63159179688,1111.38671875,1294.99145507813,1329.26257324219,23,10,17,14,10,20,28,20,15,10,12,121.577331542969,52.6260375976563,87.814453125,72.1686706542969,51.4456214904785,102.648323059082,143.427932739258,101.481628417969,74.4232177734375,47.609977722168,56.3644905090332,47,61,60,65,40,54,47,25,34,41,29,248.440643310547,321.018829345703,309.933349609375,335.068817138672,205.782485961914,277.150482177734,240.754028320313,126.852043151855,168.692626953125,195.200912475586,136.21418762207,71,72,53,48,71,70,60,45,38,40,46,375.303955078125,378.907470703125,273.774475097656,247.435440063477,365.263916015625,359.269134521484,307.345550537109,228.333679199219,188.538818359375,190.439910888672,216.063873291016,2,2,0,0,0,0,0,0,1,0,1,10.5719423294067,10.5252075195313,0,0,0,0,0,0,4.9615478515625,0,4.69704103469849,31,29,22,36,30,30,36,16,24,27,36,163.865097045898,152.615509033203,113.642234802246,185.576568603516,154.336868286133,153.97248840332,184.407333374023,81.185302734375,119.0771484375,128.546936035156,169.093475341797,1,0,2,1,6,2,1,3,4,0,2,5.28597116470337,0,10.331111907959,5.15490484237671,30.8673725128174,10.2648324966431,5.12242603302002,15.2222452163696,19.84619140625,0,9.39408206939697,93,93,154,55,90,99,78,40,65,59,64,491.595306396484,489.422180175781,795.49560546875,283.519775390625,463.010589599609,508.109222412109,399.549224853516,202.963256835938,322.500610351563,280.898864746094,300.610626220703,7,3,8,8,3,15,9,3,5,10,17,37.0017967224121,15.7878122329712,41.3244476318359,41.2392387390137,15.4336862564087,76.9862442016602,46.1018333435059,15.2222452163696,24.8077392578125,47.609977722168,79.8496932983398,21290,423922.603271484,2574.40326107591
83,Moss Park,73,357,389,456,441,546,635,751,625,548,617,594,2035.69592285156,2129.873046875,2120.63427734375,1997.46350097656,2416.0361328125,2747.609375,3176.81884765625,2565.15502929688,2131.79809570313,2230.89990234375,2053.23193359375,25,21,16,21,52,42,39,50,59,43,37,142.555740356445,114.980285644531,74.4082183837891,95.1173095703125,230.098678588867,181.731643676758,164.974624633789,205.21240234375,229.518402099609,155.476013183594,127.894920349121,95,102,118,136,132,105,107,96,90,99,70,541.711791992188,558.475708007813,548.760620117188,615.997802734375,584.096618652344,454.3291015625,452.622680664063,394.0078125,350.112823486328,357.956390380859,241.963363647461,153,97,129,133,136,231,202,154,129,146,124,872.441101074219,531.099426269531,599.916320800781,602.40966796875,601.796569824219,999.524047851563,854.483947753906,632.05419921875,501.828369140625,527.895263671875,428.620819091797,1,1,2,3,4,3,2,1,3,7,1,5.70222949981689,5.4752516746521,9.30102729797363,13.5881872177124,17.6998977661133,12.9808320999146,8.46023654937744,4.104248046875,11.6704273223877,25.3100471496582,3.45661950111389,121,133,119,95,153,139,132,88,66,56,74,689.969787597656,728.20849609375,553.4111328125,430.292602539063,677.021118164063,601.445190429688,558.375610351563,361.173828125,256.749389648438,202.480377197266,255.789840698242,3,4,5,7,9,2,5,3,9,3,2,17.106689453125,21.9010066986084,23.2525691986084,31.7057704925537,39.8247718811035,8.65388774871826,21.1505928039551,12.312744140625,35.0112800598145,10.8471632003784,6.91323900222778,179,168,136,174,243,217,166,126,92,108,103,1020.69909667969,919.84228515625,632.469909667969,788.114868164063,1075.26879882813,938.946838378906,702.199645996094,517.13525390625,357.893096923828,390.497894287109,356.031799316406,7,14,11,20,35,25,16,17,16,25,20,39.9156074523926,76.6535263061523,51.1556510925293,90.5879135131836,154.874114990234,108.173599243164,67.6818923950195,69.772216796875,62.2422790527344,90.3930282592773,69.1323852539063,28930,1396902.2878418,6369.58565334189
84,Regent Park,72,103,112,129,126,141,178,150,185,126,160,165,938.667663574219,1015.68878173828,1150.24523925781,1074.71850585938,1160.78039550781,1417.98779296875,1155.53503417969,1366.42297363281,869.745300292969,1014.64898681641,988.852905273438,9,14,3,10,10,24,11,9,11,14,14,82.0195007324219,126.961097717285,26.7498893737793,85.2951202392578,82.3248519897461,191.189361572266,84.7392349243164,66.4746322631836,75.9301452636719,88.7817840576172,83.9026718139648,31,28,39,40,45,48,30,14,15,27,19,282.511627197266,253.92219543457,347.748565673828,341.180480957031,370.461853027344,382.378723144531,231.107009887695,103.404975891113,103.541107177734,171.222015380859,113.86791229248,33,30,25,29,28,65,28,32,25,40,28,300.738189697266,272.059478759766,222.915740966797,247.355850219727,230.50959777832,517.804504394531,215.69987487793,236.354232788086,172.568511962891,253.662246704102,167.80534362793,1,0,1,4,2,1,1,1,0,0,2,9.11327838897705,0,8.91662979125977,34.118049621582,16.4649715423584,7.96622323989868,7.7035665512085,7.38606977462769,0,0,11.9860963821411,22,17,19,19,33,19,16,16,12,20,26,200.492111206055,154.167037963867,169.415954589844,162.060729980469,271.672027587891,151.358245849609,123.257064819336,118.177116394043,82.8328857421875,126.831123352051,155.819244384766,6,4,8,9,10,6,7,2,4,2,5,54.6796684265137,36.2745971679688,71.3330383300781,76.7656097412109,82.3248519897461,47.7973403930664,53.9249687194824,14.7721395492554,27.6109619140625,12.6831121444702,29.9652404785156,57,61,48,38,70,59,42,22,27,34,18,519.456848144531,553.187622070313,427.998229980469,324.121459960938,576.273986816406,470.007171630859,323.5498046875,162.493530273438,186.373992919922,215.612915039063,107.874862670898,8,5,3,2,5,5,4,6,5,8,5,72.9062271118164,45.3432502746582,26.7498893737793,17.059024810791,41.162425994873,39.8311157226563,30.814266204834,44.3164176940918,34.5137023925781,50.7324485778809,29.9652404785156,16686,650277.03125,3258.90032155151
85,Cabbagetown-South St.James Town,71,88,103,132,103,114,144,137,125,134,133,138,758.228515625,896.431701660156,1093.71118164063,859.909851074219,959.27294921875,1220.5458984375,1169.34106445313,1067.55493164063,1118.53088378906,1064.51098632813,1088.67150878906,8,7,10,6,18,23,15,5,18,19,14,68.9298629760742,60.9225425720215,82.8569030761719,50.0918350219727,151.464157104492,194.948303222656,128.030044555664,42.7021942138672,150.250411987305,152.072998046875,110.444938659668,65,71,65,50,88,59,49,38,36,31,28,560.055114746094,617.928649902344,538.569885253906,417.431945800781,740.491394042969,500.084747314453,418.231475830078,324.536682128906,300.500823974609,248.119094848633,220.889877319336,72,68,51,58,41,111,70,68,65,53,49,620.368774414063,591.818969726563,422.570220947266,484.221069335938,345.001678466797,940.83740234375,597.473510742188,580.749877929688,542.570922851563,424.20361328125,386.557281494141,2,0,0,0,0,0,1,1,0,0,0,17.2324657440186,0,0,0,0,0,8.5353364944458,8.54043865203857,0,0,0,11,17,27,41,37,18,15,14,22,14,29,94.778564453125,147.954742431641,223.713653564453,342.294219970703,311.342987060547,152.568237304688,128.030044555664,119.566146850586,183.639404296875,112.053787231445,228.778793334961,1,1,0,1,1,2,0,0,0,1,0,8.61623287200928,8.70322036743164,0,8.34863948822021,8.41467475891113,16.9520263671875,0,0,0,8.00384140014648,0,75,117,108,104,109,78,55,50,51,46,35,646.217468261719,1018.27673339844,894.854614257813,868.258483886719,917.199584960938,661.129028320313,469.443481445313,427.021942138672,425.709503173828,368.176727294922,276.112335205078,3,5,7,7,6,4,3,7,9,6,8,25.8486995697021,43.5161018371582,57.9998359680176,58.4404754638672,50.4880523681641,33.904052734375,25.6060085296631,59.783073425293,75.1252059936523,48.0230522155762,63.1113929748535,12676,1417918.51928711,5759.06262752587
86,South Riverdale,70,209,202,228,236,292,250,214,224,300,330,305,764.727416992188,730.428466796875,789.966064453125,813.933410644531,1003.36749267578,855.549072265625,729.056640625,753.244995117188,994.530090332031,1057.42114257813,969.731628417969,19,23,27,36,37,38,40,48,77,82,88,69.5206756591797,83.1676025390625,93.5486068725586,124.159339904785,127.139030456543,130.04345703125,136.272277832031,161.409637451172,255.262725830078,262.753143310547,279.791442871094,68,91,129,114,135,72,112,94,52,85,51,248.810836791992,329.054412841797,446.954467773438,393.171234130859,463.885650634766,246.398132324219,381.562347412109,316.093872070313,172.385208129883,272.366058349609,162.15185546875,88,98,150,93,91,132,143,135,101,96,94,321.990478515625,354.366302490234,519.714477539063,320.744964599609,312.693298339844,451.729919433594,487.173370361328,453.964630126953,334.825134277344,307.613433837891,298.868103027344,1,0,3,5,2,0,0,2,1,1,0,3.65898275375366,0,10.3942899703979,17.2443523406982,6.87237977981567,0,0,6.72540187835693,3.31510019302368,3.20430660247803,0,55,42,45,66,36,35,36,31,39,43,41,201.244049072266,151.871276855469,155.914352416992,227.625457763672,123.702835083008,119.776870727539,122.645042419434,104.243728637695,129.288909912109,137.785186767578,130.357376098633,2,0,7,9,4,6,3,2,6,3,4,7.31796550750732,0,24.2533435821533,31.0398349761963,13.7447595596313,20.5331783294678,10.2204208374023,6.72540187835693,19.8906021118164,9.61291980743408,12.7177925109863,214,149,149,121,164,158,137,124,80,90,108,783.022338867188,538.781433105469,516.249755859375,417.313323974609,563.53515625,540.70703125,466.732543945313,416.974914550781,265.2080078125,288.387603759766,343.380401611328,18,17,22,25,23,21,22,21,22,26,28,65.861686706543,61.4717063903809,76.2247924804688,86.2217636108398,79.0323715209961,71.8661270141602,74.9497528076172,70.6167221069336,72.9322052001953,83.3119735717773,89.024543762207,31452,11030185.232666,42678.1504457333
87,Blake-Jones,69,72,65,64,61,63,68,57,47,48,77,60,900,817.09619140625,803.212829589844,769.618957519531,798.985412597656,866.904663085938,729.553283691406,599.566284179688,606.903503417969,945.945922851563,735.564575195313,4,3,5,6,10,8,7,5,9,6,5,50,37.7121315002441,62.7510032653809,75.7002258300781,126.823081970215,101.988784790039,89.5942687988281,63.7836456298828,113.794410705566,73.710075378418,61.297046661377,12,15,11,16,6,18,20,19,6,11,13,150,188.560653686523,138.052215576172,201.867279052734,76.0938491821289,229.474761962891,255.983612060547,242.377853393555,75.8629379272461,135.135131835938,159.372314453125,20,28,23,17,27,18,27,27,23,34,13,250,351.979888916016,288.654632568359,214.483978271484,342.422332763672,229.474761962891,345.577880859375,344.431701660156,290.807952880859,417.6904296875,159.372314453125,0,0,1,0,0,0,0,0,1,1,2,0,0,12.5502004623413,0,0,0,0,0,12.6438236236572,12.2850122451782,24.5188179016113,11,11,11,14,13,9,4,13,10,11,17,137.5,138.277816772461,138.052215576172,176.633865356445,164.870010375977,114.737380981445,51.1967239379883,165.837478637695,126.438232421875,135.135131835938,208.409957885742,1,1,4,2,2,2,2,1,2,4,1,12.5,12.5707101821899,50.2008018493652,25.2334098815918,25.364616394043,25.4971961975098,25.5983619689941,12.7567291259766,25.2876472473145,49.1400489807129,12.2594089508057,28,17,21,17,9,22,26,13,14,15,21,350,213.702072143555,263.554229736328,214.483978271484,114.140769958496,280.469146728516,332.778717041016,165.837478637695,177.013534545898,184.275177001953,257.447601318359,1,1,0,2,1,4,5,2,1,3,4,12.5,12.5707101821899,0,25.2334098815918,12.6823081970215,50.9943923950195,63.9959030151367,25.5134582519531,12.6438236236572,36.855037689209,49.0376358032227,8157,941209.260253906,4042.83762584962
88,North Riverdale,68,44,64,53,58,55,71,34,57,78,79,63,359.771057128906,528.357971191406,427.93701171875,472.428131103516,451.745391845703,588.625427246094,283.972259521484,476.230255126953,651.574645996094,645.688598632813,517.921752929688,10,8,5,9,11,20,13,13,29,27,24,81.7661514282227,66.0447463989258,40.3714179992676,73.3078079223633,90.3490753173828,165.809982299805,108.57763671875,108.613922119141,242.252105712891,220.678375244141,197.303512573242,27,24,30,26,46,38,36,17,21,15,15,220.768600463867,198.134231567383,242.228500366211,211.778121948242,377.823394775391,315.038970947266,300.676513671875,142.033584594727,175.423934936523,122.599098205566,123.314697265625,43,51,41,28,33,43,34,32,30,32,21,351.594451904297,421.035247802734,331.045623779297,228.068740844727,271.047241210938,356.491455078125,283.972259521484,267.357330322266,250.60563659668,261.544738769531,172.640579223633,0,0,1,1,0,0,0,1,0,1,0,0,0,8.07428359985352,8.14531230926514,0,0,0,8.3549165725708,0,8.17327308654785,0,22,31,33,24,19,23,15,5,11,8,9,179.885528564453,255.923385620117,266.451354980469,195.487503051758,156.057495117188,190.68147277832,125.281883239746,41.774585723877,91.8887329101563,65.3861846923828,73.9888229370117,0,0,2,0,0,1,0,1,0,2,1,0,0,16.148567199707,0,0,8.29049873352051,0,8.3549165725708,0,16.3465461730957,8.22097969055176,50,44,49,40,33,55,37,32,29,20,26,408.830749511719,363.24609375,395.639892578125,325.8125,271.047241210938,455.977447509766,309.028656005859,267.357330322266,242.252105712891,163.465469360352,213.745483398438,3,2,6,4,5,4,2,0,3,3,5,24.5298442840576,16.5111865997314,48.4457015991211,32.5812492370605,41.0677604675293,33.161994934082,16.7042503356934,0,25.0605621337891,24.5198192596436,41.1049003601074,12164,1786063.19213867,5475.70847607407
89,Playter Estates-Danforth,67,55,43,71,76,56,82,75,57,97,108,110,713.266784667969,557.717224121094,892.744873046875,958.265014648438,708.054138183594,1039.685546875,952.986022949219,719.878784179688,1218.13391113281,1320.29345703125,1345.23669433594,5,9,9,6,10,10,7,8,19,33,17,64.8424301147461,116.731513977051,113.164840698242,75.6525039672852,126.438232421875,126.790924072266,88.9453659057617,101.035614013672,238.603546142578,403.422973632813,207.900207519531,21,9,15,16,14,11,32,26,27,11,12,272.338226318359,116.731513977051,188.60807800293,201.740005493164,177.013534545898,139.470016479492,406.607360839844,328.365753173828,339.068176269531,134.474334716797,146.753082275391,36,40,24,15,24,35,50,41,31,25,41,466.865509033203,518.806762695313,301.772918701172,189.131256103516,303.451751708984,443.768218994141,635.324035644531,517.807556152344,389.300506591797,305.623474121094,501.406372070313,0,0,0,0,2,0,0,0,0,0,0,0,0,0,0,25.2876472473145,0,0,0,0,0,0,16,15,12,6,7,10,7,12,14,19,13,207.495788574219,194.552536010742,150.886459350586,75.6525039672852,88.5067672729492,126.790924072266,88.9453659057617,151.553421020508,175.813140869141,232.273834228516,158.982513427734,0,0,0,2,1,2,1,1,1,2,0,0,0,0,25.2175006866455,12.6438236236572,25.3581848144531,12.7064800262451,12.629451751709,12.5580806732178,24.449878692627,0,38,24,13,24,20,67,31,34,43,26,37,492.802490234375,311.284057617188,163.460327148438,302.610015869141,252.87646484375,849.499145507813,393.90087890625,429.4013671875,539.997497558594,317.848419189453,452.488677978516,0,2,3,2,2,7,7,2,4,0,2,0,25.9403381347656,37.7216148376465,25.2175006866455,25.2876472473145,88.7536468505859,88.9453659057617,25.258903503418,50.2323226928711,0,24.4588470458984,8177,887588.452148438,4501.78910920767
90,Danforth,66,93,103,76,85,111,96,62,92,129,137,125,941.486145019531,1042.82678222656,762.745910644531,858.152465820313,1126.6748046875,979.691833496094,635.767028808594,941.176452636719,1319.55810546875,1373.708984375,1260.97045898438,11,7,6,6,14,10,9,22,24,26,24,111.358573913574,70.8717193603516,60.2167816162109,60.5754661560059,142.103118896484,102.051231384277,92.2887649536133,225.063934326172,245.499176025391,260.703887939453,242.106323242188,10,11,28,10,24,28,40,66,32,13,16,101.235069274902,111.369850158691,281.011627197266,100.959114074707,243.605361938477,285.743438720703,410.172271728516,675.191833496094,327.332244873047,130.351943969727,161.404220581055,39,40,41,29,30,40,40,51,58,24,13,394.816772460938,404.981262207031,411.481323242188,292.781433105469,304.506713867188,408.204925537109,410.172271728516,521.739135742188,593.289672851563,240.649749755859,131.140930175781,1,1,1,1,1,0,1,0,0,0,0,10.1235065460205,10.1245317459106,10.0361299514771,10.095911026001,10.1502237319946,0,10.2543067932129,0,0,0,0,18,21,21,34,38,21,17,12,24,20,24,182.223129272461,212.615173339844,210.758728027344,343.260986328125,385.70849609375,214.307586669922,174.323211669922,122.762145996094,245.499176025391,200.541458129883,242.106323242188,0,2,1,1,1,1,1,0,2,2,0,0,20.2490634918213,10.0361299514771,10.095911026001,10.1502237319946,10.2051229476929,10.2543067932129,0,20.4582653045654,20.0541458129883,0,44,69,20,16,34,59,60,51,41,28,32,445.434295654297,698.592712402344,200.722595214844,161.534576416016,345.107604980469,602.102233886719,615.258422851563,521.739135742188,419.394439697266,280.758056640625,322.808441162109,3,5,4,3,5,4,2,5,3,5,4,30.3705196380615,50.6226577758789,40.1445198059082,30.2877330780029,50.7511177062988,40.8204917907715,20.5086135864258,51.1508941650391,30.6873970031738,50.1353645324707,40.3510551452637,9913,1119675.31640625,6233.29023224189
91,Greenwood-Coxwell,65,112,136,100,74,121,126,118,109,113,129,120,755.327758789063,916.998168945313,671.321166992188,498.014678955078,816.629577636719,853.022827148438,800.705688476563,735.442932128906,753.534301757813,832.043334960938,769.971130371094,16,17,12,13,19,27,28,18,23,30,45,107.903968811035,114.624771118164,80.5585403442383,87.4890670776367,128.231079101563,182.790603637695,189.997970581055,121.449295043945,153.374237060547,193.498458862305,288.739166259766,16,24,37,27,26,39,56,61,32,16,20,107.903968811035,161.823211669922,248.388824462891,181.708053588867,175.47412109375,264.030883789063,379.995941162109,411.578155517578,213.390243530273,103.199172973633,128.328521728516,48,34,62,33,38,48,41,38,35,22,45,323.711883544922,229.249542236328,416.219116210938,222.087631225586,256.462158203125,324.961059570313,278.211303710938,256.392944335938,233.395568847656,141.898864746094,288.739166259766,2,0,0,0,1,0,0,0,1,1,0,13.4879961013794,0,0,0,6.74900436401367,0,0,0,6.66844511032104,6.44994831085205,0,16,20,14,23,20,11,22,14,32,7,11,107.903968811035,134.852676391602,93.9849624633789,154.788345336914,134.980087280273,74.4702453613281,149.284118652344,94.460563659668,213.390243530273,45.1496391296387,70.5806884765625,2,1,1,1,0,5,2,2,1,0,3,13.4879961013794,6.74263381958008,6.71321153640747,6.7299280166626,0,33.8501129150391,13.5712833404541,13.4943656921387,6.66844511032104,0,19.2492790222168,52,61,58,36,65,99,98,59,40,36,49,350.687896728516,411.300659179688,389.366271972656,242.277404785156,438.685302734375,670.232238769531,664.992858886719,398.083801269531,266.73779296875,232.198135375977,314.404876708984,4,7,7,8,6,5,4,7,7,3,5,26.9759922027588,47.1984367370605,46.9924812316895,53.8394241333008,40.494026184082,33.8501129150391,27.1425666809082,47.230281829834,46.6791152954102,19.3498458862305,32.0821304321289,15585,1675165.80297852,6843.0068886632
92,Woodbine Corridor,64,87,72,83,79,90,97,71,73,109,100,105,692.730285644531,568.181823730469,641.719482421875,612.688049316406,700.552673339844,757.5166015625,557.212341308594,571.741882324219,843.849182128906,751.1455078125,786.399047851563,6,9,10,5,9,8,11,13,18,32,21,47.7745056152344,71.0227279663086,77.3156051635742,38.7777252197266,70.0552673339844,62.4755935668945,86.3286743164063,101.817039489746,139.35124206543,240.366561889648,157.279815673828,5,14,29,18,20,24,31,19,14,9,10,39.8120880126953,110.479797363281,224.215240478516,139.599807739258,155.678375244141,187.426788330078,243.289901733398,148.809524536133,108.384300231934,67.6030960083008,74.895149230957,32,25,52,30,24,33,34,31,23,25,21,254.79736328125,197.285354614258,402.041137695313,232.666351318359,186.814041137695,257.711822509766,266.834106445313,242.794479370117,178.059921264648,187.786376953125,157.279815673828,0,3,0,0,0,0,1,1,1,0,0,0,23.6742420196533,0,0,0,0,7.84806156158447,7.83208036422729,7.74173593521118,0,0,10,16,9,18,24,12,6,8,8,7,5,79.6241760253906,126.262626647949,69.5840454101563,139.599807739258,186.814041137695,93.7133941650391,47.0883674621582,62.6566429138184,61.9338874816895,52.5801849365234,37.4475746154785,0,1,1,0,0,2,0,0,1,1,0,0,7.89141416549683,7.73156023025513,0,0,15.6188983917236,0,0,7.74173593521118,7.51145505905151,0,40,35,28,38,80,68,54,33,24,34,20,318.496704101563,276.199493408203,216.483688354492,294.710723876953,622.713500976563,531.042541503906,423.795318603516,258.458648681641,185.801651000977,255.389465332031,149.790298461914,2,3,6,3,7,3,4,2,5,3,2,15.9248352050781,23.6742420196533,46.3893623352051,23.2666358947754,54.4874305725098,23.4283485412598,31.3922462463379,15.6641607284546,38.7086791992188,22.5343647003174,14.9790296554565,13352,1595664.3737793,5428.02138814825
93,The Beaches,63,85,105,79,115,99,82,87,93,117,114,141,386.328521728516,477.424621582031,356.240966796875,517.924682617188,445.604705810547,368.854309082031,391.222229003906,414.974792480469,517.447265625,490.322570800781,605.670104980469,8,24,7,11,31,20,23,30,54,59,59,36.3603324890137,109.125633239746,31.5656566619873,49.5406227111816,139.532791137695,89.9644622802734,103.426567077637,133.862838745117,238.821807861328,253.763442993164,253.436431884766,54,18,89,31,37,37,47,21,21,25,8,245.432235717773,81.8442230224609,401.334777832031,139.614486694336,166.539138793945,166.434265136719,211.349945068359,93.703987121582,92.8751525878906,107.526878356934,34.3642616271973,45,42,77,34,43,58,64,39,43,39,30,204.52685546875,190.969848632813,347.222229003906,153.125564575195,193.545486450195,260.896942138672,287.795654296875,174.021682739258,190.172927856445,167.741928100586,128.865982055664,0,0,0,0,0,0,0,0,0,1,1,0,0,0,0,0,0,0,0,0,4.30107545852661,4.29553270339966,17,11,16,48,12,16,6,17,20,18,11,77.2657012939453,50.0159149169922,72.1500701904297,216.177261352539,54.0126914978027,71.9715728759766,26.9808444976807,75.8556060791016,88.452522277832,77.4193572998047,47.2508583068848,0,0,0,0,0,2,0,0,0,0,2,0,0,0,0,0,8.99644660949707,0,0,0,0,8.59106540679932,68,97,65,63,98,53,60,48,50,49,35,309.062805175781,441.049438476563,293.109680175781,283.732666015625,441.103668212891,238.405822753906,269.808441162109,214.180541992188,221.131301879883,210.752685546875,150.343643188477,8,5,3,8,6,9,10,7,8,16,3,36.3603324890137,22.7345066070557,13.5281381607056,36.0295448303223,27.0063457489014,40.4840087890625,44.9680709838867,31.2346611022949,35.3810081481934,68.8172073364258,12.8865976333618,23280,3595720.48486328,11297.1740986166
94,East End-Danforth,62,179,194,172,173,185,185,145,184,219,217,199,830.279724121094,899.313903808594,780.85986328125,779.419738769531,827.296325683594,821.601440429688,639.527160644531,800.347961425781,937.821166992188,896.879516601563,815.908142089844,20,14,23,25,31,21,28,39,41,51,44,92.768684387207,64.8989410400391,104.417304992676,112.632904052734,138.628036499023,93.2628707885742,123.494903564453,169.638977050781,175.573822021484,210.787353515625,180.401809692383,40,46,51,38,45,31,49,42,45,27,24,185.537368774414,213.239379882813,231.534027099609,171.202011108398,201.234237670898,137.673751831055,216.116088867188,182.688125610352,192.702987670898,111.593307495117,98.4009857177734,80,90,77,63,79,62,61,67,69,44,64,371.074737548828,417.207489013672,349.570983886719,283.834930419922,353.277893066406,275.347503662109,269.04248046875,291.431060791016,295.477905273438,181.855758666992,262.402618408203,3,0,0,0,1,0,0,2,0,2,0,13.9153022766113,0,0,0,4.47187185287476,0,0,8.69943428039551,0,8.26617050170898,0,34,34,42,42,32,27,27,28,24,17,31,157.706756591797,157.611724853516,190.675079345703,189.223281860352,143.099899291992,119.909400939941,119.084373474121,121.792083740234,102.774925231934,70.262451171875,127.101272583008,1,0,2,2,2,2,2,2,2,1,1,4.63843393325806,0,9.07976531982422,9.01063251495361,8.94374370574951,8.88217830657959,8.82106494903564,8.69943428039551,8.56457710266113,4.13308525085449,4.10004091262817,79,116,78,66,96,67,111,83,83,65,48,366.436279296875,537.734069824219,354.110870361328,297.350860595703,429.299713134766,297.552947998047,489.569091796875,361.026519775391,355.429931640625,268.650543212891,196.801971435547,4,9,11,9,8,9,5,8,12,6,11,18.5537357330322,41.7207489013672,49.9387130737305,40.5478477478027,35.774974822998,39.969799041748,22.052661895752,34.797737121582,51.3874626159668,24.798511505127,45.1004524230957,24390,2638981.39208984,7373.0721817403
95,Taylor-Massey,61,119,93,97,100,123,114,112,116,115,142,147,739.406005859375,579.475341796875,598.543762207031,621.156616210938,769.375122070313,718.336486816406,710.659912109375,735.667175292969,719.78466796875,859.564147949219,884.63623046875,12,9,6,5,11,11,14,20,15,28,13,74.5619506835938,56.0782585144043,37.023323059082,31.0578289031982,68.805908203125,69.3131713867188,88.8324890136719,126.839164733887,93.8849563598633,169.49153137207,78.2331314086914,9,8,9,5,17,4,17,17,11,16,13,55.9214630126953,49.8473434448242,55.5349884033203,31.0578289031982,106.336395263672,25.2047882080078,107.868019104004,107.813293457031,68.8489685058594,96.8523025512695,78.2331314086914,32,71,42,27,41,63,31,16,25,18,20,198.83186340332,442.395172119141,259.163269042969,167.712280273438,256.458374023438,396.975433349609,196.700500488281,101.471336364746,156.47492980957,108.958839416504,120.358665466309,0,1,1,1,0,1,0,0,1,0,0,0,6.23091793060303,6.17055416107178,6.21156597137451,0,6.30119705200195,0,0,6.25899744033813,0,0,25,40,17,18,18,13,27,10,10,29,16,155.337387084961,249.236709594727,104.899421691895,111.80818939209,112.591484069824,81.9155654907227,171.319793701172,63.4195823669434,62.589973449707,175.544799804688,96.2869338989258,2,0,2,2,1,2,3,2,3,1,0,12.4269914627075,0,12.3411083221436,12.423131942749,6.25508213043213,12.6023941040039,19.0355339050293,12.6839170455933,18.7769927978516,6.05326890945435,0,30,47,35,38,30,47,56,54,58,33,33,186.404876708984,292.853149414063,215.969390869141,236.039505004883,187.652465820313,296.156280517578,355.329956054688,342.465759277344,363.021850585938,199.757873535156,198.591796875,4,3,5,2,4,3,8,10,4,3,4,24.853982925415,18.6927528381348,30.8527698516846,12.423131942749,25.0203285217285,18.9035911560059,50.7614212036133,63.4195823669434,25.0359897613525,18.1598072052002,24.0717334747314,16617,1062886.52294922,5941.40034404397
96,Woodbine-Lumsden,60,51,41,36,34,41,35,31,33,41,32,53,626.7666015625,506.1103515625,444.060699462891,418.461547851563,502.944061279297,428.396575927734,378.602844238281,400.485443115234,492.729248046875,373.744445800781,618.580749511719,2,6,2,1,2,7,4,9,22,16,10,24.5790824890137,74.0649337768555,24.6700382232666,12.307692527771,24.5338573455811,85.679313659668,48.851978302002,109.223304748535,264.391296386719,186.872222900391,116.713348388672,5,3,7,2,6,8,7,3,1,5,4,61.4477081298828,37.0324668884277,86.3451309204102,24.615385055542,73.6015701293945,97.9192199707031,85.4909591674805,36.4077682495117,12.017786026001,58.3975715637207,46.6853408813477,36,18,14,10,14,10,12,11,6,12,14,442.423492431641,222.194793701172,172.69026184082,123.076919555664,171.736999511719,122.399017333984,146.555938720703,133.495147705078,72.1067199707031,140.154174804688,163.398696899414,0,1,0,1,0,1,0,0,0,1,0,0,12.3441553115845,0,12.307692527771,0,12.2399024963379,0,0,0,11.6795139312744,0,5,7,3,6,6,3,6,2,5,0,9,61.4477081298828,86.4090881347656,37.0050582885742,73.8461532592773,73.6015701293945,36.7197074890137,73.2779693603516,24.2718448638916,60.0889320373535,0,105.042015075684,0,0,1,1,1,0,0,0,0,0,3,0,0,12.3350191116333,12.307692527771,12.2669286727905,0,0,0,0,0,35.0140037536621,49,35,36,17,34,35,38,32,15,13,20,602.187561035156,432.045440673828,444.060699462891,209.230773925781,417.075561523438,428.396575927734,464.093811035156,388.349517822266,180.266799926758,151.833679199219,233.426696777344,2,3,6,0,3,5,1,0,1,4,1,24.5790824890137,37.0324668884277,74.0101165771484,0,36.8007850646973,61.1995086669922,12.2129945755005,0,12.017786026001,46.7180557250977,11.6713352203369,8568,1196277.1640625,4871.17849073059
97,Danforth East York,59,69,55,41,77,81,85,57,58,69,100,78,394.195617675781,313.909027099609,231.782470703125,435.471099853516,458.092987060547,481.177459716797,322.891296386719,326.429534912109,386.79296875,547.3154296875,428.547882080078,6,10,12,10,14,9,16,16,51,51,41,34.2778778076172,57.0743675231934,67.8387680053711,56.5546875,79.1765670776367,50.9482040405273,90.6361541748047,90.0495300292969,285.890472412109,279.130859375,225.262344360352,5,4,20,8,9,12,21,22,13,4,5,28.5648994445801,22.8297462463379,113.064613342285,45.2437515258789,50.8992195129395,67.9309387207031,118.959953308105,123.818099975586,72.8740386962891,21.8926162719727,27.4710178375244,31,24,42,25,18,24,33,23,26,12,20,177.10237121582,136.978485107422,237.435699462891,141.38671875,101.798439025879,135.861877441406,186.937057495117,129.446197509766,145.748077392578,65.677848815918,109.884071350098,0,0,0,0,0,0,1,0,0,0,0,0,0,0,0,0,0,5.66475963592529,0,0,0,0,4,8,5,9,10,8,9,5,5,4,5,22.8519191741943,45.6594924926758,28.2661533355713,50.8992195129395,56.5546875,45.2872924804688,50.982837677002,28.1404781341553,28.0284767150879,21.8926162719727,27.4710178375244,0,0,0,1,1,1,0,1,0,0,0,0,0,0,5.65546894073486,5.65546894073486,5.66091156005859,0,5.62809562683105,0,0,0,59,65,43,19,37,83,59,58,49,45,37,337.065826416016,370.9833984375,243.088928222656,107.453910827637,209.252349853516,469.855651855469,334.220825195313,326.429534912109,274.679077148438,246.291931152344,203.285537719727,1,3,4,0,3,8,5,4,3,4,8,5.71297979354858,17.1223106384277,22.612922668457,0,16.9664058685303,45.2872924804688,28.3237972259521,22.5123825073242,16.8170852661133,21.8926162719727,43.9536285400391,18201,2188610.31005859,7623.95239240969
98,Old East York,58,53,51,48,45,61,48,30,38,68,63,74,558.777038574219,539.169067382813,505.848876953125,474.183349609375,643.527770996094,506.810272216797,317.325988769531,399.579376220703,712.191040039063,644.699157714844,760.456298828125,3,5,6,0,9,4,8,19,22,32,22,31.6288871765137,52.8597106933594,63.2311096191406,0,94.9467239379883,42.234188079834,84.6202697753906,199.789688110352,230.414749145508,327.466217041016,226.081588745117,4,2,2,6,3,0,8,4,7,6,6,42.1718521118164,21.1438846588135,21.0770359039307,63.2244453430176,31.6489086151123,0,84.6202697753906,42.0609893798828,73.3137817382813,61.3999176025391,61.6586151123047,21,11,26,17,28,13,15,6,22,7,9,221.402206420898,116.291358947754,274.00146484375,179.135925292969,295.389801025391,137.261108398438,158.662994384766,63.0914840698242,230.414749145508,71.6332397460938,92.487922668457,0,0,1,0,1,0,0,0,0,0,0,0,0,10.5385179519653,0,10.549635887146,0,0,0,0,0,0,17,6,9,5,7,12,5,8,7,6,9,179.230361938477,63.4316520690918,94.8466644287109,52.6870384216309,73.8474502563477,126.702568054199,52.8876647949219,84.1219787597656,73.3137817382813,61.3999176025391,92.487922668457,0,1,1,1,1,0,1,0,2,2,1,0,10.5719423294067,10.5385179519653,10.537407875061,10.549635887146,0,10.5775337219238,0,20.9467945098877,20.4666385650635,10.2764358520508,36,33,17,21,21,36,28,21,27,27,26,379.546661376953,348.874084472656,179.154815673828,221.285568237305,221.542358398438,380.107696533203,296.170928955078,220.820190429688,282.78173828125,276.299621582031,267.187347412109,4,3,2,2,0,3,4,5,1,1,3,42.1718521118164,31.7158260345459,21.0770359039307,21.0748157501221,0,31.6756420135498,42.3101348876953,52.5762367248535,10.4733972549438,10.2333192825317,30.8293075561523,9731,2349869.3762207,7485.02139969222
99,Runnymede-Bloor West Village,89,31,43,39,38,33,45,32,26,43,59,51,298.335083007813,412.470031738281,372.101898193359,361.801391601563,313.569000244141,427.147613525391,303.317535400391,244.223175048828,398.406372070313,528.958190917969,454.707550048828,16,12,9,20,27,31,17,22,30,43,25,153.979400634766,115.10791015625,85.8696670532227,190.421783447266,256.556457519531,294.257232666016,161.137435913086,206.650390625,277.957946777344,385.511932373047,222.895858764648,21,20,15,21,7,9,8,7,6,15,8,202.09797668457,191.846527099609,143.116119384766,199.94287109375,66.5146331787109,85.4295196533203,75.8293838500977,65.7523956298828,55.5915870666504,134.480911254883,71.3266754150391,21,25,22,19,22,27,29,12,22,32,29,202.09797668457,239.808151245117,209.90364074707,180.900695800781,209.045989990234,256.28857421875,274.881530761719,112.718391418457,203.835815429688,286.892608642578,258.559204101563,0,0,0,0,0,0,0,0,1,0,1,0,0,0,0,0,0,0,0,9.2652645111084,0,8.91583442687988,14,21,16,16,19,20,7,6,13,18,6,134.731979370117,201.438842773438,152.657196044922,152.337432861328,180.53971862793,189.843383789063,66.3507080078125,56.3591957092285,120.448440551758,161.377090454102,53.4950065612793,0,1,0,0,0,0,0,0,0,1,1,0,9.59232616424561,0,0,0,0,0,0,0,8.96539402008057,8.91583442687988,32,29,18,22,21,35,15,24,19,19,16,307.958801269531,278.177459716797,171.739334106445,209.463958740234,199.543899536133,332.225921630859,142.180099487305,225.436782836914,176.040023803711,170.342483520508,142.653350830078,1,1,1,1,2,2,3,8,0,6,1,9.62371253967285,9.59232616424561,9.54107475280762,9.52108955383301,19.0041809082031,18.984338760376,28.4360198974609,75.1455917358398,0,53.7923622131348,8.91583442687988,11216,1593616.31176758,6747.78843752808
100,High Park North,88,88,114,104,114,112,100,91,99,138,186,171,392.96240234375,507.365692138672,453.415863037109,496.472442626953,487.189514160156,434.536987304688,394.845306396484,425.879730224609,588.285461425781,769.740112304688,706.523986816406,11,14,7,9,20,27,18,20,37,42,35,49.1203002929688,62.3080673217773,30.5183773040771,39.1951904296875,86.9981307983398,117.324989318848,78.1012725830078,86.0363082885742,157.728713989258,173.812286376953,144.610168457031,33,37,47,61,53,52,58,32,34,28,33,147.360900878906,164.671325683594,204.909103393555,265.656311035156,230.545043945313,225.959243774414,251.659652709961,137.658096313477,144.939895629883,115.874855041504,136.346740722656,17,70,28,54,62,67,32,38,32,57,58,75.9131927490234,311.540344238281,122.073509216309,235.171157836914,269.694213867188,291.139801025391,138.846710205078,163.468978881836,136.414016723633,235.888092041016,239.639709472656,1,0,0,0,0,0,0,0,1,1,0,4.46548175811768,0,0,0,0,0,0,0,4.26293802261353,4.13838768005371,0,19,29,30,37,26,17,18,12,18,24,25,84.8441543579102,129.066711425781,130.793045043945,161.135787963867,113.097564697266,73.8712921142578,78.1012725830078,51.6217842102051,76.7328872680664,99.3213043212891,103.292984008789,0,0,0,0,0,0,0,0,0,0,0,0,0,0,0,0,0,0,0,0,0,0,37,22,19,47,30,46,46,29,55,26,43,165.22282409668,97.9126815795898,82.8355941772461,204.686004638672,130.497192382813,199.887023925781,199.592132568359,124.752647399902,234.46159362793,107.598083496094,177.663925170898,6,2,3,2,4,5,4,5,6,4,9,26.7928905487061,8.90115261077881,13.0793037414551,8.71004295349121,17.3996257781982,21.7268505096436,17.3558387756348,21.5090770721436,25.5776271820068,16.5535507202148,37.185474395752,24203,1882260.83129883,6319.69544078773
101,High Park-Swansea,87,80,100,85,84,71,96,77,81,93,106,110,341.311492919922,420.698364257813,344.394470214844,342.787200927734,291.928771972656,397.696685791016,321.556823730469,338.402404785156,384.74267578125,425.088226318359,440.211303710938,15,15,12,14,20,25,41,24,75,54,32,63.9959030151367,63.1047554016113,48.6203956604004,57.1311988830566,82.2334594726563,103.566841125488,171.21858215332,100.267379760742,310.2763671875,216.554382324219,128.061462402344,19,20,57,32,44,33,20,28,14,19,16,81.0614776611328,84.1396713256836,230.946884155273,130.585601806641,180.913619995117,136.708236694336,83.5212554931641,116.978607177734,57.9182510375977,76.1950607299805,64.0307312011719,46,50,32,40,45,54,50,28,50,51,51,196.254104614258,210.349182128906,129.654388427734,163.231994628906,185.025283813477,223.704376220703,208.803146362305,116.978607177734,206.85090637207,204.523574829102,204.097961425781,0,0,0,0,0,1,0,0,1,1,0,0,0,0,0,0,4.14267349243164,0,0,4.13701820373535,4.01026630401611,0,19,34,14,22,12,21,10,9,10,9,15,81.0614776611328,143.037445068359,56.7237968444824,89.7775955200195,49.3400764465332,86.9961471557617,41.760627746582,37.6002655029297,41.3701820373535,36.0923957824707,60.0288124084473,0,1,4,3,2,3,2,2,3,3,3,0,4.20698356628418,16.2067985534668,12.2423992156982,8.22334575653076,12.4280214309692,8.35212516784668,8.35561466217041,12.4110536575317,12.0307989120483,12.005763053894,52,70,49,52,25,57,50,31,41,40,59,221.852462768555,294.488861083984,198.533279418945,212.201599121094,102.79182434082,236.132400512695,208.803146362305,129.51203918457,169.617736816406,160.41064453125,236.113327026367,7,5,4,9,3,13,8,4,5,10,14,29.8647556304932,21.0349178314209,16.2067985534668,36.7271995544434,12.3350191116333,53.8547592163086,33.4085006713867,16.7112293243408,20.6850910186768,40.1026611328125,56.0268936157227,24988,5357614.60986328,10600.0012077129
102,Roncesvalles,86,97,124,135,134,97,126,121,107,110,137,173,624.838989257813,803.421020507813,871.248779296875,866.808959960938,628.686218261719,819.352294921875,788.993225097656,695.030883789063,711.928039550781,866.320983886719,1098.482421875,16,7,12,21,24,15,16,18,23,27,20,103.066223144531,45.3544120788574,77.4443359375,135.843200683594,155.551239013672,97.5419464111328,104.329681396484,116.921081542969,148.857681274414,170.734786987305,126.9921875,25,42,28,74,68,56,47,24,22,21,24,161.040969848633,272.12646484375,180.70344543457,478.685546875,440.728485107422,364.156585693359,306.468444824219,155.894775390625,142.385604858398,132.793731689453,152.390625,38,36,45,48,75,95,67,67,53,49,71,244.782272338867,233.251266479492,290.416259765625,310.498748779297,486.097595214844,617.765625,436.880554199219,435.206237792969,343.019866943359,309.852020263672,450.822265625,0,0,0,0,2,1,0,0,0,0,2,0,0,0,0,12.9626026153564,6.5027961730957,0,0,0,0,12.69921875,28,24,37,26,26,24,24,12,18,22,6,180.36589050293,155.500839233398,238.786712646484,168.186813354492,168.51383972168,156.067108154297,156.494522094727,77.9473876953125,116.497314453125,139.117233276367,38.09765625,0,0,4,7,2,5,2,4,1,1,0,0,0,25.8147792816162,45.2810668945313,12.9626026153564,32.5139808654785,13.0412101745605,25.9824619293213,6.47207307815552,6.32351064682007,0,25,32,37,61,56,48,52,43,45,39,29,161.040969848633,207.334457397461,238.786712646484,394.592132568359,362.952880859375,312.134216308594,339.071472167969,279.311462402344,291.243286132813,246.616928100586,184.138671875,2,2,3,12,5,11,4,8,8,5,8,12.8832778930664,12.9584035873413,19.361083984375,77.6246871948242,32.4065055847168,71.53076171875,26.0824203491211,51.9649238586426,51.7765846252441,31.6175537109375,50.796875,15749,1504504.51928711,6163.74118560016
103,South Parkdale,85,183,216,218,210,208,238,240,257,260,321,279,855.220092773438,1008.07391357422,953.505676269531,920.366394042969,913.964294433594,1047.58129882813,1058.34106445313,1126.59997558594,1096.72253417969,1279.19018554688,1079.17846679688,9,19,23,18,15,21,16,17,32,43,47,42.0600051879883,88.6731719970703,100.599220275879,78.8885498046875,65.910888671875,92.4336471557617,70.5560684204102,74.5221786499023,134.981231689453,171.355697631836,181.797088623047,26,24,30,44,44,76,48,32,28,30,35,121.506683349609,112.00821685791,131.216369628906,192.838668823242,193.338607788086,334.521759033203,211.668212890625,140.277053833008,118.108573913574,119.550491333008,135.380813598633,45,51,68,58,78,89,89,63,61,63,49,210.300033569336,238.017456054688,297.423797607422,254.196426391602,342.736633300781,391.742584228516,392.468139648438,276.170440673828,257.307952880859,251.056030273438,189.533126831055,0,0,1,0,0,1,0,0,1,0,1,0,0,4.37387895584106,0,0,4.40160226821899,0,0,4.21816349029541,0,3.86802315711975,20,32,33,29,33,34,16,20,7,22,16,93.466682434082,149.344284057617,144.338012695313,127.098213195801,145.003952026367,149.654479980469,70.5560684204102,87.6731567382813,29.5271434783936,87.6703567504883,61.888370513916,0,1,7,5,6,2,3,3,2,0,3,0,4.66700887680054,30.6171550750732,21.9134864807129,26.3643550872803,8.80320453643799,13.2292633056641,13.1509733200073,8.43632698059082,0,11.6040687561035,77,39,46,84,43,52,40,50,55,34,38,359.846710205078,182.01335144043,201.198440551758,368.146545410156,188.944549560547,228.883316040039,176.390182495117,219.182891845703,231.998992919922,135.49055480957,146.984878540039,5,4,9,11,9,23,13,6,10,21,10,23.3666706085205,18.6680355072021,39.3649139404297,48.2096672058105,39.5465316772461,101.236846923828,57.3268051147461,26.3019466400146,42.1816329956055,83.6853408813477,38.6802291870117,25853,2287026.29760742,10818.6013779085
104,Little Portugal,84,78,80,108,88,86,84,80,105,106,129,154,543.175476074219,531.879516601563,665.229431152344,539.744873046875,525.961730957031,512.288818359375,486.233520507813,630.176452636719,628.222595214844,738.6201171875,875,11,12,12,18,12,11,26,7,26,23,22,76.6016693115234,79.7819290161133,73.9143829345703,110.402359008789,73.390007019043,67.0854415893555,158.025894165039,42.0117645263672,154.092330932617,131.691955566406,125,39,39,41,81,56,64,74,41,19,17,27,271.587738037109,259.291259765625,252.540802001953,496.810607910156,342.486694335938,390.315307617188,449.765991210938,246.068893432617,112.605941772461,97.337532043457,153.409088134766,41,39,40,40,56,58,54,40,32,32,42,285.515319824219,259.291259765625,246.381271362305,245.338562011719,342.486694335938,353.723236083984,328.207611083984,240.06721496582,189.652099609375,183.223587036133,238.636367797852,1,2,1,0,1,0,0,0,0,0,0,6.9637885093689,13.2969884872437,6.15953207015991,0,6.11583375930786,0,0,0,0,0,0,9,6,9,13,12,8,9,10,14,14,24,62.6740951538086,39.8909645080566,55.4357872009277,79.7350311279297,73.390007019043,48.7894134521484,54.7012710571289,60.0168037414551,82.9727935791016,80.1603240966797,136.363632202148,0,1,0,0,1,1,0,1,0,1,1,0,6.64849424362183,0,0,6.11583375930786,6.09867668151855,0,6.00168037414551,0,5.72573709487915,5.68181800842285,24,29,30,44,31,41,42,26,30,44,43,167.130920410156,192.806335449219,184.785949707031,269.872436523438,189.590850830078,250.045745849609,255.272598266602,156.043685913086,177.798843383789,251.932434082031,244.318176269531,5,1,4,2,11,9,6,7,4,9,17,34.8189430236816,6.64849424362183,24.6381282806396,12.2669286727905,67.274169921875,54.8880882263184,36.4675140380859,42.0117645263672,23.7065124511719,51.5316352844238,96.5909118652344,17600,1216333.33007813,5440.80926362607
105,Dufferin Grove,83,82,78,83,78,107,79,78,79,84,144,182,676.902770996094,642.980773925781,677.551025390625,641.605651855469,886.7158203125,659.377319335938,655.847961425781,664.200439453125,693.8134765625,1146.31433105469,1433.52233886719,9,8,7,9,14,3,16,20,10,18,19,74.2942047119141,65.9467468261719,57.1428565979004,74.0314254760742,116.018898010254,25.0396461486816,134.532913208008,168.152008056641,82.5968475341797,143.289291381836,149.653427124023,23,40,42,42,28,44,36,28,37,58,48,189.862976074219,329.733734130859,342.857147216797,345.47998046875,232.037796020508,367.248138427734,302.699066162109,235.412811279297,305.608337402344,461.709930419922,378.071838378906,28,33,26,25,46,44,56,29,27,36,48,231.13752746582,272.030334472656,212.244903564453,205.642837524414,381.204925537109,367.248138427734,470.865203857422,243.820419311523,223.011474609375,286.578582763672,378.071838378906,0,0,1,0,0,0,1,0,0,0,2,0,0,8.16326522827148,0,0,0,8.40830707550049,0,0,0,15.7529926300049,29,26,18,8,18,30,19,4,17,28,18,239.392440795898,214.326934814453,146.938781738281,65.8057098388672,149.167144775391,250.396453857422,159.757843017578,33.6304016113281,140.414642333984,222.894439697266,141.776931762695,0,0,1,1,2,0,3,1,2,1,1,0,0,8.16326522827148,8.2257137298584,16.5741271972656,0,25.2249221801758,8.40760040283203,16.5193691253662,7.96051597595215,7.87649631500244,47,32,38,33,40,35,41,23,23,39,30,387.980834960938,263.786987304688,310.204071044922,271.448547363281,331.482543945313,292.129211425781,344.740600585938,193.374816894531,189.972747802734,310.460113525391,236.294891357422,8,5,3,3,7,7,4,3,6,7,11,66.0392913818359,41.2167167663574,24.4897956848145,24.6771411895752,58.009449005127,58.4258422851563,33.633228302002,25.2228012084961,49.55810546875,55.7236099243164,86.6414642333984,12696,1387929.25976563,5148.23705892718
106,Trinity-Bellwoods,81,117,111,137,138,118,116,107,128,142,135,178,684.090515136719,654.442565917969,796.604248046875,810.382263183594,699.300720214844,694.486022949219,646.018249511719,773.040222167969,852.1875,788.137084960938,1038.14306640625,11,15,22,19,19,23,14,20,29,28,25,64.3162002563477,88.4381790161133,127.921852111816,111.574371337891,112.599266052246,137.699813842773,84.525749206543,120.787536621094,174.038284301758,163.465469360352,145.806594848633,39,41,69,61,65,57,80,40,32,46,49,228.030166625977,241.731033325195,401.209442138672,358.212463378906,385.2080078125,341.256072998047,483.004272460938,241.575073242188,192.042251586914,268.550415039063,285.780944824219,67,56,46,69,63,110,86,49,69,73,80,391.744140625,330.169219970703,267.472961425781,405.191131591797,373.35546875,658.564331054688,519.229614257813,295.929473876953,414.091094970703,426.177825927734,466.581115722656,0,0,1,0,0,0,1,0,0,0,0,0,0,5.81462955474854,0,0,0,6.03755378723145,0,0,0,0,27,16,17,19,15,21,21,21,31,25,8,157.867034912109,94.3340606689453,98.8487014770508,111.574371337891,88.894157409668,125.725914001465,126.788627624512,126.82691192627,186.040924072266,145.951309204102,46.6581115722656,0,3,2,1,1,1,2,2,1,1,2,0,17.6876354217529,11.6292591094971,5.87233543395996,5.92627716064453,5.98694849014282,12.0751075744629,12.0787534713745,6.00132036209106,5.83805227279663,11.6645278930664,107,64,61,70,64,59,31,28,37,40,54,625.621215820313,377.336242675781,354.692413330078,411.0634765625,379.28173828125,353.229949951172,187.164154052734,169.102554321289,222.048843383789,233.522094726563,314.942260742188,12,6,2,6,8,3,8,8,9,9,14,70.1631317138672,35.3752708435059,11.6292591094971,35.2340126037598,47.4102172851563,17.9608459472656,48.3004302978516,48.315013885498,54.0118827819824,52.5424728393555,81.6516952514648,17146,1729614.94775391,5343.06048878188
107,Don Valley Village,47,113,136,137,125,126,143,98,125,116,165,181,407.795013427734,491.666961669922,491.567993164063,447.595520019531,450.917938232422,511.865997314453,350.601043701172,443.325286865234,401.550811767578,545.869567871094,588.197082519531,48,29,27,28,27,22,35,34,70,163,132,173.22265625,104.840751647949,96.8783645629883,100.26139831543,96.6252746582031,78.7486114501953,125.214653015137,120.584480285645,242.315155029297,539.252990722656,428.961395263672,7,7,2,4,8,5,6,17,4,7,7,25.2616386413574,25.3063888549805,7.17617511749268,14.3230562210083,28.629711151123,17.8974113464355,21.465368270874,60.2922401428223,13.8465795516968,23.1581039428711,22.747953414917,80,47,66,32,58,34,30,31,31,45,49,288.704437255859,169.914321899414,236.813781738281,114.584449768066,207.565399169922,121.70240020752,107.326843261719,109.944671630859,107.310997009277,148.873519897461,159.23567199707,2,0,0,0,0,0,2,0,0,2,0,7.21761083602905,0,0,0,0,0,7.15512323379517,0,0,6.61660099029541,0,48,33,26,19,35,33,23,17,29,28,38,173.22265625,119.301544189453,93.2902755737305,68.0345153808594,125.254981994629,118.122917175293,82.2839126586914,60.2922401428223,100.387702941895,92.6324157714844,123.488883972168,1,2,1,0,2,3,0,2,2,5,0,3.60880541801453,7.23039674758911,3.58808755874634,0,7.15742778778076,10.7384471893311,0,7.09320449829102,6.92328977584839,16.5415019989014,0,106,105,65,37,50,69,55,63,80,104,55,382.533386230469,379.595825195313,233.225692749023,132.488265991211,178.935684204102,246.984283447266,196.765884399414,223.435943603516,276.931610107422,344.063262939453,178.733917236328,10,6,8,10,11,14,6,11,11,14,19,36.0880546569824,21.6911888122559,28.7047004699707,35.8076400756836,39.365852355957,50.1127548217773,21.465368270874,39.0126266479492,38.0780944824219,46.3162078857422,61.744441986084,30772,4212455.24804688,8326.57889326257
108,Pleasant View,46,34,42,52,45,41,46,41,26,33,52,51,206.073089599609,256.692321777344,319.626281738281,278.448120117188,255.308547973633,288.437408447266,258.528289794922,163.583740234375,204.207916259766,309.65283203125,300.58349609375,11,6,7,17,13,24,29,14,28,46,37,66.6707077026367,36.6703338623047,43.0266151428223,105.191513061523,80.9514923095703,150.48908996582,182.861465454102,88.0835571289063,173.267333984375,273.923645019531,218.070373535156,1,0,2,2,1,3,6,8,2,11,6,6.06097316741943,0,12.2933187484741,12.3754720687866,6.22703790664673,18.8111362457275,37.8334083557129,50.3334579467773,12.3762378692627,65.5034866333008,35.3627624511719,18,18,32,11,33,12,19,17,15,17,13,109.097518920898,110.011001586914,196.693099975586,68.0650939941406,205.492248535156,75.2445449829102,119.805786132813,106.958602905273,92.8217849731445,101.23265838623,76.6193161010742,0,0,0,0,0,0,0,0,0,0,1,0,0,0,0,0,0,0,0,0,0,5.89379405975342,6,16,13,5,9,14,10,9,11,14,9,36.3658409118652,97.7875595092773,79.9065704345703,30.9386787414551,56.0433387756348,87.7853012084961,63.0556793212891,56.6251411437988,68.0693054199219,83.3680725097656,53.0441436767578,0,1,1,0,1,1,1,0,0,0,1,0,6.11172246932983,6.14665937423706,0,6.22703790664673,6.27037858963013,6.30556774139404,0,0,0,5.89379405975342,33,46,13,26,29,46,47,73,52,36,27,200.012115478516,281.139221191406,79.9065704345703,160.881134033203,180.584091186523,288.437408447266,296.361694335938,459.292816162109,321.782165527344,214.375030517578,159.132431030273,2,5,3,5,5,4,6,6,4,5,2,12.1219463348389,30.5586109161377,18.439977645874,30.9386787414551,31.1351890563965,25.0815143585205,37.8334083557129,37.7500953674316,24.7524757385254,29.7743110656738,11.7875881195068,16967,2967457.81640625,7944.79984789075
109,Flemingdon Park,44,131,149,157,125,148,153,132,147,140,167,156,578.264343261719,659.175354003906,694.382995605469,548.895629882813,645.555236816406,663.170227050781,568.402038574219,624.2568359375,576.440063476563,653.620361328125,596.718078613281,8,7,4,12,8,9,17,17,22,38,50,35.313850402832,30.9679698944092,17.6912879943848,52.6939811706543,34.8948783874512,39.0100135803223,73.2032928466797,72.1929702758789,90.5834426879883,148.727981567383,191.255783081055,13,10,4,5,2,7,4,5,4,6,4,57.385009765625,44.2399559020996,17.6912879943848,21.9558258056641,8.72371959686279,30.341121673584,17.2243041992188,21.2332248687744,16.4697170257568,23.4833660125732,15.3004627227783,50,20,14,12,14,16,12,10,22,24,19,220.711578369141,88.4799118041992,61.919506072998,52.6939811706543,61.0660400390625,69.3511352539063,51.672908782959,42.4664497375488,90.5834426879883,93.933464050293,72.6772003173828,1,0,0,0,0,0,0,1,0,0,0,4.414231300354,0,0,0,0,0,0,4.24664497375488,0,0,0,27,20,24,20,16,13,5,4,13,12,6,119.18424987793,88.4799118041992,106.147720336914,87.8233032226563,69.7897567749023,56.3477973937988,21.5303802490234,16.9865798950195,53.5265769958496,46.9667320251465,22.9506950378418,6,5,8,5,6,9,14,8,1,4,1,26.4853897094727,22.1199779510498,35.3825759887695,21.9558258056641,26.1711597442627,39.0100135803223,60.2850608825684,33.9731597900391,4.11742925643921,15.6555776596069,3.82511568069458,112,16,46,16,25,17,28,35,27,49,73,494.393920898438,70.783935546875,203.449798583984,70.2586364746094,109.046501159668,73.6855773925781,120.570121765137,148.632583618164,111.170585632324,191.780822753906,279.233459472656,9,3,3,4,1,3,3,2,1,5,10,39.728084564209,13.2719869613647,13.2684650421143,17.5646591186523,4.3618597984314,13.0033378601074,12.9182271957397,8.49328994750977,4.11742925643921,19.5694713592529,38.2511558532715,26143,2473284.11743164,8487.7664742086
110,Victoria Village,43,102,127,123,75,108,120,114,95,117,146,113,578.920471191406,720.894592285156,683.181518554688,415.696716308594,597.014953613281,661.849853515625,627.580505371094,519.182434082031,629.743286132813,759.585876464844,584.251098632813,20,12,20,14,11,15,17,40,35,55,85,113.513816833496,68.1160278320313,111.08642578125,77.5967178344727,60.8070755004883,82.7312316894531,93.5865707397461,218.603118896484,188.384735107422,286.145355224609,439.480895996094,3,3,1,1,3,1,1,3,5,2,0,17.0270729064941,17.0290069580078,5.5543212890625,5.54262256622314,16.5837478637695,5.51541566848755,5.50509214401245,16.3952350616455,26.9121055603027,10.4052858352661,0,39,46,22,32,36,59,34,22,38,25,27,221.351943969727,261.111419677734,122.195068359375,177.363922119141,199.004974365234,325.409515380859,187.173141479492,120.231719970703,204.531997680664,130.066070556641,139.599807739258,0,0,2,1,0,1,0,0,0,0,0,0,0,11.108642578125,5.54262256622314,0,5.51541566848755,0,0,0,0,0,7,15,12,15,12,13,11,8,10,16,7,39.7298355102539,85.1450271606445,66.65185546875,83.1393432617188,66.3349914550781,71.7004013061523,60.5560150146484,43.7206268310547,53.8242111206055,83.2422866821289,36.1925430297852,3,0,6,3,1,7,7,3,3,4,4,17.0270729064941,0,33.325927734375,16.6278686523438,5.52791595458984,38.60791015625,38.53564453125,16.3952350616455,16.1472625732422,20.8105716705322,20.681453704834,38,37,33,37,43,38,40,64,58,55,33,215.676254272461,210.0244140625,183.292602539063,205.077041625977,237.700393676758,209.585784912109,220.203689575195,349.765014648438,312.180419921875,286.145355224609,170.621994018555,5,6,4,5,3,4,5,5,3,10,13,28.378454208374,34.0580139160156,22.21728515625,27.71311378479,16.5837478637695,22.0616626739502,27.5254611968994,27.3253898620605,16.1472625732422,52.0264282226563,67.2147216796875,19341,4755237.52075195,11802.19690199
111,Banbury-Don Mills,42,57,76,84,107,73,71,78,86,108,129,141,206.394607543945,274.933990478516,295.816314697266,377.065948486328,257.395721435547,250.759338378906,275.540496826172,301.680297851563,357.805450439453,396.752166748047,413.623168945313,19,20,8,16,27,43,51,36,56,155,91,68.7982025146484,72.3510437011719,28.172981262207,56.3836898803711,95.2011566162109,151.86833190918,180.161087036133,126.284774780273,185.528762817383,476.717712402344,266.948272705078,3,12,4,10,13,2,6,12,8,14,1,10.8628740310669,43.4106292724609,14.0864906311035,35.2398071289063,45.8375930786133,7.06364345550537,21.1954212188721,42.0949249267578,26.5041084289551,43.0583763122559,2.93349766731262,65,87,57,64,85,81,41,23,47,100,85,235.362274169922,314.72705078125,200.732498168945,225.534759521484,299.707336425781,286.077545166016,144.835388183594,80.6819381713867,155.711639404297,307.559814453125,249.347290039063,0,0,0,0,0,0,0,0,0,1,2,0,0,0,0,0,0,0,0,0,3.07559823989868,5.86699533462524,11,28,18,10,8,13,7,3,20,24,20,39.8305397033691,101.291465759277,63.3892097473145,35.2398071289063,28.2077503204346,45.9136810302734,24.7279930114746,10.5237312316895,66.2602691650391,73.8143539428711,58.6699523925781,0,0,2,1,0,2,1,2,3,3,4,0,0,7.04324531555176,3.52398061752319,0,7.06364345550537,3.53257036209106,7.01582050323486,9.939040184021,9.22679424285889,11.7339906692505,72,39,48,59,64,58,50,40,52,65,70,260.708984375,141.084548950195,169.037887573242,207.914855957031,225.662002563477,204.845657348633,176.628509521484,140.31640625,172.276702880859,199.913879394531,205.344833374023,10,14,11,5,8,16,7,8,11,14,15,36.2095794677734,50.6457328796387,38.737850189209,17.6199035644531,28.2077503204346,56.509147644043,24.7279930114746,28.0632820129395,36.4431495666504,43.0583763122559,44.0024642944336,34089,10040970.3603516,18186.1082922431
112,Bridle Path-Sunnybrook-York Mills,41,17,29,18,26,31,44,46,43,35,47,40,185.488265991211,313.750946044922,182.815353393555,264.066619873047,314.05126953125,442.745025634766,459.448669433594,423.228332519531,325.581390380859,405.522003173828,329.570739746094,5,11,11,3,9,11,15,39,60,81,33,54.5553741455078,119.008979797363,111.720497131348,30.4692268371582,91.1761703491211,110.686256408691,149.820220947266,383.858276367188,558.139526367188,698.878356933594,271.895843505859,3,6,6,6,3,6,11,1,3,8,4,32.7332229614258,64.9139862060547,60.9384536743164,60.9384536743164,30.3920574188232,60.3743209838867,109.868156433105,9.84251976013184,27.9069766998291,69.0250244140625,32.9570732116699,36,36,49,67,53,53,30,19,45,96,71,392.798675537109,389.483947753906,497.664031982422,680.479370117188,536.926330566406,533.306518554688,299.640441894531,187.007873535156,418.604644775391,828.300231933594,584.988037109375,0,0,0,0,0,0,0,0,0,0,0,0,0,0,0,0,0,0,0,0,0,0,1,1,2,1,0,13,6,5,3,3,14,10.9110746383667,10.818998336792,20.312816619873,10.1564083099365,0,130.81103515625,59.9280853271484,49.2125968933105,27.9069766998291,25.8843822479248,115.349754333496,0,0,0,1,2,3,3,0,1,0,4,0,0,0,10.1564083099365,20.2613716125488,30.1871604919434,29.9640426635742,0,9.30232524871826,0,32.9570732116699,24,16,12,12,19,25,39,12,16,26,17,261.865783691406,173.103973388672,121.876907348633,121.876907348633,192.483032226563,251.559677124023,389.532562255859,118.110237121582,148.837203979492,224.331314086914,140.067565917969,8,2,5,5,4,3,6,1,6,8,8,87.2885971069336,21.637996673584,50.7820434570313,50.7820434570313,40.5227432250977,30.1871604919434,59.9280853271484,9.84251976013184,55.8139533996582,69.0250244140625,65.9141464233398,12137,8839357.12207031,15670.6956658261
113,St.Andrew-Windfields,40,56,46,56,48,62,68,51,53,61,61,91,305.560089111328,252.400543212891,306.312225341797,264.900665283203,345.057891845703,381.936645507813,288.64111328125,299.655120849609,339.322479248047,326.849914550781,482.553833007813,18,27,10,16,24,40,33,65,86,138,84,98.2157440185547,148.148147583008,54.6986122131348,88.3002243041992,133.570785522461,224.668609619141,186.767791748047,367.501556396484,478.389038085938,739.430969238281,445.434295654297,8,1,8,5,7,4,16,14,8,14,2,43.6514434814453,5.48696851730347,43.7588882446289,27.5938186645508,38.9581489562988,22.4668617248535,90.5540771484375,79.154182434082,44.5013084411621,75.0147323608398,10.6055784225464,81,79,56,88,81,84,50,33,52,90,101,441.970855712891,433.470520019531,306.312225341797,485.651214599609,450.801422119141,471.804077148438,282.981506347656,186.577713012695,289.258483886719,482.237579345703,535.581726074219,1,0,0,2,0,0,0,0,0,1,0,5.45643043518066,0,0,11.0375280380249,0,0,0,0,0,5.35819530487061,0,10,6,24,2,6,11,11,2,8,15,24,54.5643043518066,32.9218101501465,131.276672363281,11.0375280380249,33.3926963806152,61.7838706970215,62.2559280395508,11.3077402114868,44.5013084411621,80.372932434082,127.266944885254,1,0,2,0,1,2,1,0,0,1,0,5.45643043518066,0,10.9397220611572,0,5.56544971466064,11.2334308624268,5.65962982177734,0,0,5.35819530487061,0,64,45,30,31,27,50,60,63,52,34,33,349.211547851563,246.91357421875,164.095825195313,171.081680297852,150.267135620117,280.835754394531,339.577789306641,356.193817138672,289.258483886719,182.178634643555,174.992050170898,10,15,9,7,6,7,4,7,13,11,15,54.5643043518066,82.3045272827148,49.2287483215332,38.63134765625,33.3926963806152,39.317008972168,22.6385192871094,39.577091217041,72.3146209716797,58.9401473999023,79.5418395996094,18858,7345556.16967773,12863.4205505562
114,Bedford Park-Nortown,39,60,28,34,52,39,59,52,44,42,51,75,254.647308349609,119.214881896973,142.755172729492,219.8173828125,166.042236328125,252.969177246094,224.515350341797,189.745132446289,177.222671508789,206.302337646484,298.792877197266,40,40,30,47,49,63,81,105,172,228,101,169.764877319336,170.306976318359,125.96044921875,198.681091308594,208.617172241211,270.11962890625,349.725830078125,452.800903320313,725.76904296875,922.292785644531,402.374420166016,11,9,20,11,20,20,8,3,6,7,2,46.6853408813477,38.3190689086914,83.9736328125,46.4998321533203,85.1498641967773,85.7522583007813,34.5408210754395,12.9371681213379,25.3175239562988,28.3160057067871,7.96781015396118,84,67,100,121,101,90,63,30,64,122,99,356.506225585938,285.264190673828,419.8681640625,511.498138427734,430.006805419922,385.885192871094,272.008972167969,129.371688842773,270.053588867188,493.507537841797,394.406585693359,0,0,0,0,0,0,0,0,0,0,0,0,0,0,0,0,0,0,0,0,0,0,13,8,18,17,13,14,18,10,12,12,42,55.173583984375,34.0613975524902,75.5762710571289,71.8633728027344,55.347412109375,60.0265846252441,77.7168502807617,43.123893737793,50.6350479125977,48.5417251586914,167.324005126953,1,0,1,0,0,2,1,2,0,0,0,4.24412202835083,0,4.19868183135986,0,0,8.57522583007813,4.31760263442993,8.62477874755859,0,0,0,68,65,46,87,74,119,111,50,53,71,36,288.600280761719,276.748840332031,193.139358520508,367.771392822266,315.054504394531,510.225952148438,479.25390625,215.619476318359,223.638122558594,287.205200195313,143.42057800293,10,14,7,13,7,18,10,4,8,13,7,42.441219329834,59.6074409484863,29.3907718658447,54.954345703125,29.8024520874023,77.1770324707031,43.1760292053223,17.2495574951172,33.7566986083984,52.5868682861328,27.8873348236084,25101,5518287.3034668,12817.1292903363
115,Lansing-Westgate,38,39,77,65,84,65,70,97,93,66,89,100,242.975509643555,472.074066162109,389.268188476563,503.899230957031,390.390380859375,420.850128173828,583.809814453125,556.319885253906,385.064178466797,496.485565185547,547.585144042969,18,22,26,28,16,25,47,63,66,120,53,112.142547607422,134.878295898438,155.707275390625,167.966400146484,96.0960998535156,150.303619384766,282.876922607422,376.861877441406,385.064178466797,669.418701171875,290.220123291016,6,4,13,5,4,5,11,11,1,11,15,37.3808479309082,24.5233268737793,77.8536376953125,29.9940013885498,24.0240249633789,30.0607223510742,66.2052383422852,65.8012771606445,5.83430576324463,61.3633842468262,82.1377716064453,34,27,41,42,50,39,39,16,37,55,25,211.824813842773,165.532455444336,245.538391113281,251.949615478516,300.30029296875,234.4736328125,234.727661132813,95.7109527587891,215.86930847168,306.816925048828,136.896286010742,0,0,0,0,0,0,0,0,3,0,1,0,0,0,0,0,0,0,0,17.5029163360596,0,5.47585153579712,11,5,5,14,32,9,11,12,14,25,24,68.5315551757813,30.6541595458984,29.9437065124512,83.9832000732422,192.192199707031,54.109302520752,66.2052383422852,71.7832183837891,81.6802825927734,139.46223449707,131.420440673828,0,1,1,0,1,2,1,3,2,0,1,0,6.13083171844482,5.98874139785767,0,6.00600624084473,12.0242891311646,6.01865768432617,17.9458045959473,11.6686115264893,0,5.47585153579712,22,31,38,32,52,72,85,40,50,56,35,137.063110351563,190.055786132813,227.572158813477,191.961608886719,312.312316894531,432.874420166016,511.585906982422,239.277389526367,291.715270996094,312.395416259766,191.654800415039,4,5,4,11,6,10,8,5,11,8,10,24.9205665588379,30.6541595458984,23.9549655914307,65.9868011474609,36.0360374450684,60.1214447021484,48.1492614746094,29.9096736907959,64.177360534668,44.6279144287109,54.7585144042969,18262,5346280.25976563,11112.2293942319
116,Willowdale West,37,72,97,82,71,89,102,80,81,119,115,108,433.891754150391,573.489440917969,468.812530517578,404.420135498047,505.394653320313,576.564331054688,450.019683837891,449.126708984375,639.063415527344,585.450317382813,536.672607421875,9,14,11,13,11,23,45,32,45,62,26,54.2364692687988,82.7716674804688,62.8894844055176,74.0487594604492,62.4645080566406,130.009613037109,253.136077880859,177.432769775391,241.662643432617,315.634063720703,129.198959350586,5,15,47,23,8,11,13,19,16,6,17,30.1313724517822,88.6839294433594,268.709625244141,131.009338378906,45.4287338256836,62.1785087585449,73.1281967163086,105.350708007813,85.9244918823242,30.5452327728271,84.4762496948242,29,16,38,30,35,20,23,16,30,40,21,174.761962890625,94.59619140625,217.254592895508,170.881744384766,198.750717163086,113.051834106445,129.380661010742,88.7163848876953,161.108428955078,203.634887695313,104.353012084961,0,0,0,1,0,0,0,0,0,0,0,0,0,0,5.69605827331543,0,0,0,0,0,0,0,11,1,9,20,28,23,25,28,3,38,21,66.2890167236328,5.91226196289063,51.4550323486328,113.921165466309,159.000564575195,130.009613037109,140.631149291992,155.253677368164,16.1108417510986,193.453140258789,104.353012084961,0,0,2,0,0,0,1,0,0,0,4,0,0,11.4344520568848,0,0,0,5.62524604797363,0,0,0,19.8767642974854,13,16,40,45,37,55,73,66,46,53,38,78.3415679931641,94.59619140625,228.689041137695,256.322631835938,210.107894897461,310.892547607422,410.642974853516,365.955078125,247.032913208008,269.816223144531,188.829254150391,4,6,4,4,6,8,9,9,9,11,11,24.1050987243652,35.4735717773438,22.8689041137695,22.7842330932617,34.0715484619141,45.2207336425781,50.6272163391113,49.9029655456543,48.3325271606445,55.9995918273926,54.6611022949219,20124,2883426.34277344,7476.86611435969
117,Newtonbrook West,36,142,117,148,114,171,157,177,202,224,200,232,586.001953125,481.977355957031,615.052185058594,470.297027587891,700.561279296875,639.302856445313,715.758850097656,805.101623535156,878.396911621094,756.143676757813,868.816223144531,49,24,45,34,51,60,61,96,173,218,112,202.211944580078,98.8671493530273,187.009094238281,140.264022827148,208.939331054688,244.319564819336,246.673950195313,382.62255859375,678.40478515625,824.196594238281,419.428527832031,17,19,27,23,16,16,23,17,15,21,19,70.1551666259766,78.2698211669922,112.205459594727,94.8844909667969,65.5495910644531,65.1518859863281,93.0082092285156,67.7560806274414,58.8212242126465,79.3950881958008,71.1530532836914,54,42,54,87,54,53,31,35,36,53,31,222.845825195313,173.017501831055,224.410919189453,358.910888671875,221.229873657227,215.815612792969,125.35888671875,139.497802734375,141.170928955078,200.378067016602,116.091827392578,0,0,0,0,0,0,0,0,1,0,0,0,0,0,0,0,0,0,0,3.92141485214233,0,0,27,6,18,43,28,20,23,17,30,30,41,111.422912597656,24.7167873382568,74.8036422729492,177.39274597168,114.711784362793,81.4398574829102,93.0082092285156,67.7560806274414,117.642448425293,113.421546936035,153.540802001953,1,0,0,0,0,1,5,0,2,1,1,4.12677431106567,0,0,0,0,4.07199287414551,20.2191753387451,0,7.84282970428467,3.7807183265686,3.74489760398865,62,66,45,51,61,84,96,81,108,150,77,255.860015869141,271.884643554688,187.009094238281,210.396041870117,249.907821655273,342.047393798828,388.208190917969,322.837799072266,423.512817382813,567.107727050781,288.357116699219,7,9,6,16,9,12,9,9,13,14,21,28.8874206542969,37.0751800537109,24.9345474243164,66.0065994262695,36.8716468811035,48.8639144897461,36.3945159912109,35.8708648681641,50.9783935546875,52.9300575256348,78.6428527832031,26703,4695659.51635742,8634.15193044842
118,Westminster-Branson,35,81,94,110,98,99,105,92,89,88,120,133,303.951354980469,351.704254150391,406.940185546875,362.654022216797,366.544494628906,388.98974609375,341.436248779297,329.11767578125,320.396118164063,421.718505859375,464.158569335938,29,19,24,18,35,34,49,61,84,84,58,108.82209777832,71.0891571044922,88.7869491577148,66.6099243164063,129.586441040039,125.95858001709,181.851913452148,225.57502746582,305.832672119141,295.202941894531,202.415023803711,8,11,15,10,5,11,14,17,4,5,11,30.0198879241943,41.1568832397461,55.4918441772461,37.0055122375488,18.5123481750488,40.7513046264648,51.957691192627,62.8651733398438,14.5634603500366,17.5716037750244,38.3890571594238,61,68,19,42,40,38,15,25,31,29,18,228.901641845703,254.424362182617,70.289665222168,155.423156738281,148.098785400391,140.777236938477,55.6689567565918,92.4487838745117,112.866813659668,101.915306091309,62.8184547424316,0,0,0,0,0,0,0,0,0,0,0,0,0,0,0,0,0,0,0,0,0,0,12,6,10,15,15,8,17,8,14,4,10,45.0298309326172,22.4492092132568,36.9945602416992,55.5082702636719,55.5370445251465,29.6373138427734,63.0914840698242,29.583610534668,50.972110748291,14.0572834014893,34.8991432189941,0,0,2,0,1,1,1,2,0,0,2,0,0,7.39891242980957,0,3.70246958732605,3.70466423034668,3.71126365661621,7.39590263366699,0,0,6.97982835769653,79,51,44,43,61,52,70,59,137,69,48,296.446380615234,190.818267822266,162.776077270508,159.12370300293,225.850646972656,192.642532348633,259.788452148438,218.179122924805,498.798522949219,242.488143920898,167.515884399414,3,5,7,4,4,1,6,7,11,7,13,11.2574577331543,18.7076740264893,25.8961925506592,14.8022050857544,14.8098783493042,3.70466423034668,22.2675819396973,25.8856601715088,40.0495147705078,24.6002464294434,45.3688850402832,28654,3667829.23828125,11497.2927806625
119,Bathurst Manor,34,47,46,72,56,68,59,61,55,55,86,140,294.504669189453,287.931884765625,440.852325439453,341.317718505859,412.146179199219,356.301696777344,366.696716308594,327.439422607422,323.853271484375,491.597106933594,798.676452636719,37,23,25,25,38,25,46,44,78,76,53,231.844100952148,143.965942382813,153.073715209961,152.373992919922,230.316986083984,150.975296020508,276.525390625,261.951538085938,459.282806396484,434.434661865234,302.356109619141,3,5,4,7,9,5,12,5,8,5,2,18.7981700897217,31.2969455718994,24.4917945861816,42.6647148132324,54.5487594604492,30.1950607299805,72.1370620727539,29.767219543457,47.1059303283691,28.5812282562256,11.4096641540527,34,30,33,38,32,22,27,18,24,42,22,213.045928955078,187.781677246094,202.057312011719,231.608459472656,193.951141357422,132.858261108398,162.308380126953,107.161994934082,141.317794799805,240.082321166992,125.506301879883,0,0,0,0,0,0,0,0,0,1,0,0,0,0,0,0,0,0,0,0,5.71624565124512,0,9,8,11,14,10,17,7,9,18,16,6,56.3945121765137,50.0751113891602,67.3524398803711,85.3294296264648,60.609733581543,102.663208007813,42.0799522399902,53.580997467041,105.988342285156,91.4599304199219,34.2289924621582,0,0,0,0,0,0,1,1,1,0,1,0,0,0,0,0,0,6.01142168045044,5.95344400405884,5.88824129104614,0,5.70483207702637,39,28,34,30,40,31,58,34,96,56,45,244.376220703125,175.262893676758,208.180252075195,182.848785400391,242.438934326172,187.209365844727,348.662445068359,202.417098999023,565.271179199219,320.109741210938,256.717437744141,2,2,4,5,4,5,7,1,7,4,11,12.5321130752563,12.51877784729,24.4917945861816,30.4747982025146,24.2438926696777,30.1950607299805,42.0799522399902,5.95344400405884,41.2176895141602,22.8649826049805,62.7531509399414,17529,4760369.45043945,14571.4963147757
120,Clanton Park,33,72,61,55,58,82,87,77,94,116,134,137,442.505065917969,367.824401855469,323.891418457031,336.037078857422,467.422912597656,488.79150390625,426.120635986328,509.567962646484,605.112182617188,658.670837402344,653.40771484375,70,29,50,27,40,43,43,90,163,154,111,430.213256835938,174.867340087891,294.446746826172,156.431060791016,228.011169433594,241.586608886719,237.963470458984,487.884216308594,850.286926269531,756.979919433594,529.4033203125,6,5,1,5,11,9,11,12,15,9,10,36.8754234313965,30.1495418548584,5.88893461227417,28.968713760376,62.7030715942383,50.564640045166,60.8743782043457,65.0512313842773,78.2472610473633,44.239086151123,47.6939964294434,61,44,41,54,52,44,33,36,39,69,44,374.900115966797,265.315979003906,241.446319580078,312.862121582031,296.414520263672,247.204895019531,182.623138427734,195.153686523438,203.442886352539,339.166351318359,209.853576660156,0,0,1,0,0,0,0,1,0,0,1,0,0,5.88893461227417,0,0,0,0,5.42093563079834,0,0,4.76939964294434,7,8,4,13,11,12,16,13,17,16,18,43.0213279724121,48.2392654418945,23.5557384490967,75.3186569213867,62.7030715942383,67.4195175170898,88.544548034668,70.4721603393555,88.6802291870117,78.6472702026367,85.8491897583008,1,1,0,1,0,2,4,0,1,3,1,6.14590358734131,6.02990818023682,0,5.79374265670776,0,11.2365865707397,22.136137008667,0,5.21648406982422,14.7463626861572,4.76939964294434,35,51,40,69,65,68,75,74,63,72,46,215.106628417969,307.525329589844,235.557388305664,399.768249511719,370.518157958984,382.0439453125,415.052581787109,401.149230957031,328.638488769531,353.912689208984,219.392379760742,5,6,6,5,9,4,5,7,10,11,16,30.7295188903809,36.1794509887695,35.3336067199707,28.968713760376,51.3025131225586,22.4731731414795,27.6701717376709,37.9465484619141,52.1648406982422,54.069995880127,76.3103942871094,20967,4166282.87792969,10224.4351519818
121,Englemount-Lawrence,32,79,83,130,106,97,112,102,88,86,124,117,351.705108642578,369.496490478516,565.487854003906,464.301361083984,428.104858398438,497.822021484375,456.396270751953,392.646789550781,373.490844726563,513.308776855469,474.414093017578,29,21,23,35,40,24,31,37,61,72,30,129.10693359375,93.4870681762695,100.0478515625,153.307052612305,176.5380859375,106.676147460938,138.70866394043,165.090133666992,264.917907714844,298.050262451172,121.644638061523,6,27,18,6,12,10,33,13,7,9,11,26.7117805480957,120.197654724121,78.2983169555664,26.2812080383301,52.96142578125,44.4483947753906,147.657608032227,58.004638671875,30.4004173278809,37.2562828063965,44.6030311584473,44,41,56,47,52,32,34,23,15,49,24,195.886383056641,182.522369384766,243.594757080078,205.869476318359,229.49951171875,142.23486328125,152.132080078125,102.623596191406,65.1437530517578,202.839752197266,97.3157119750977,0,0,0,0,1,0,1,1,0,0,2,0,0,0,0,4.4134521484375,0,4.47447299957275,4.46189546585083,0,0,8.10964202880859,30,13,37,22,10,15,23,7,5,17,16,133.558898925781,57.8729476928711,160.946533203125,96.3644332885742,44.134521484375,66.6725921630859,102.912879943848,31.233268737793,21.7145843505859,70.3729782104492,64.8771362304688,3,6,16,5,8,12,10,4,3,4,8,13.3558902740479,26.7105903625488,69.598503112793,21.9010066986084,35.3076171875,53.3380737304688,44.7447319030762,17.8475818634033,13.0287504196167,16.5583477020264,32.4385681152344,29,53,37,51,55,63,69,62,51,54,35,129.10693359375,235.943557739258,160.946533203125,223.390274047852,242.739868164063,280.02490234375,308.738647460938,276.637512207031,221.488754272461,223.537689208984,141.918746948242,4,2,7,10,7,7,8,9,3,7,11,17.8078536987305,8.90353012084961,30.4493446350098,43.8020133972168,30.8941650390625,31.1138763427734,35.795783996582,40.1570587158203,13.0287504196167,28.977108001709,44.6030311584473,24662,3478125.58959961,8311.87185600747
122,Yorkdale-Glen Park,31,106,137,175,161,176,206,157,162,179,202,208,733.208801269531,949.279357910156,1150.25634765625,1021.5087890625,1080.88195800781,1228.53051757813,907.776794433594,901.101318359375,958.911437988281,1020.71752929688,1016.916015625,67,53,41,52,63,62,88,96,196,202,112,463.443328857422,367.239471435547,269.488616943359,329.928314208984,386.906585693359,369.751922607422,508.817565917969,533.985961914063,1049.98120117188,1020.71752929688,547.570129394531,13,15,11,12,15,20,33,29,18,13,17,89.9218368530273,103.935699462891,72.3018264770508,76.1372985839844,92.1206130981445,119.274810791016,190.806594848633,161.308258056641,96.4268493652344,65.6897430419922,83.1133270263672,51,57,66,58,64,87,75,63,59,154,72,352.770294189453,394.955657958984,433.810974121094,367.996948242188,393.047973632813,518.845397949219,433.651336669922,350.428314208984,316.065795898438,778.170776367188,352.009399414063,1,1,1,1,2,1,1,1,1,0,1,6.91706418991089,6.92904663085938,6.57289361953735,6.34477519989014,12.2827491760254,5.96374034881592,5.78201770782471,5.56235408782959,5.35704708099365,0,4.88901948928833,23,21,24,34,47,42,40,17,32,74,68,159.092483520508,145.509979248047,157.749435424805,215.722351074219,288.644592285156,250.477096557617,231.280715942383,94.5600204467773,171.425506591797,373.926239013672,332.453308105469,3,3,1,6,10,17,15,9,7,0,5,20.7511940002441,20.7871398925781,6.57289361953735,38.0686492919922,61.413745880127,101.383590698242,86.7302703857422,50.0611877441406,37.4993286132813,0,24.4450969696045,105,76,63,77,97,86,129,112,130,118,98,726.291748046875,526.607543945313,414.09228515625,488.547668457031,595.713317871094,512.881652832031,745.880310058594,622.983642578125,696.416137695313,596.2607421875,479.123901367188,23,15,26,23,20,30,18,21,40,44,53,159.092483520508,103.935699462891,170.895233154297,145.929824829102,122.827491760254,178.912216186523,104.076324462891,116.809432983398,214.281890869141,222.334518432617,259.118011474609,20454,6038309.47363281,10079.377511977
123,Brookhaven-Amesbury,30,82,97,108,117,98,100,88,123,145,163,136,445.45849609375,529.591613769531,590.228454589844,641.060791015625,537.781921386719,550.024780273438,484.341461181641,672.498657226563,780.241088867188,847.017272949219,700.669738769531,39,42,30,22,48,36,57,49,67,77,54,211.864410400391,229.307708740234,163.952346801758,120.541343688965,263.403381347656,198.008911132813,313.721160888672,267.905944824219,360.525177001953,400.124725341797,278.207122802734,2,6,4,7,6,4,1,7,4,5,2,10.8648414611816,32.758243560791,21.8603134155273,38.354061126709,32.925422668457,22.0009899139404,5.5038800239563,38.2722816467285,21.5238914489746,25.9821243286133,10.3039674758911,23,44,31,32,33,50,33,25,20,39,45,124.945678710938,240.227127075195,169.417419433594,175.332855224609,181.089828491211,275.012390136719,181.628051757813,136.686706542969,107.61946105957,202.660568237305,231.839263916016,0,0,0,0,0,0,0,3,2,0,1,0,0,0,0,0,0,0,16.4024047851563,10.7619457244873,0,5.15198373794556,30,16,30,19,20,20,16,15,12,30,19,162.972625732422,87.3553161621094,163.952346801758,104.103881835938,109.751411437988,110.004951477051,88.0620803833008,82.0120315551758,64.5716781616211,155.89274597168,97.8876876831055,1,2,3,7,1,7,0,4,5,0,7,5.43242073059082,10.9194145202637,16.3952350616455,38.354061126709,5.48757076263428,38.5017318725586,0,21.8698749542236,26.9048652648926,0,36.0638847351074,32,50,26,33,46,50,61,47,49,54,57,173.837463378906,272.985382080078,142.092025756836,180.81201171875,252.428253173828,275.012390136719,335.736694335938,256.971008300781,263.667663574219,280.60693359375,293.663055419922,5,8,1,7,11,12,9,5,8,9,9,27.1621036529541,43.6776580810547,5.46507835388184,38.354061126709,60.3632774353027,66.0029678344727,49.5349235534668,27.3373432159424,43.0477828979492,46.767822265625,46.3678512573242,19410,3507312.7668457,8980.39928031823
124,Maple Leaf,29,23,31,44,20,32,28,30,33,56,50,46,224.78498840332,304.458862304688,423.158294677734,192.326187133789,307.781097412109,269.438018798828,288.739166259766,314.945587158203,525.032836914063,451.467254638672,410.787628173828,7,18,15,8,13,25,18,13,47,48,43,68.4128189086914,176.782562255859,144.258514404297,76.9304733276367,125.036071777344,240.569671630859,173.243499755859,124.069480895996,440.652526855469,433.408569335938,383.997131347656,0,1,0,2,1,0,2,1,0,0,1,0,9.82125282287598,0,19.2326183319092,9.61815929412842,0,19.2492790222168,9.5438060760498,0,0,8.93016624450684,14,13,18,10,7,15,10,10,21,17,17,136.825637817383,127.676292419434,173.110214233398,96.1630935668945,67.3271102905273,144.341796875,96.2463912963867,95.4380569458008,196.887298583984,153.498870849609,151.81282043457,0,0,0,0,0,0,0,0,0,0,0,0,0,0,0,0,0,0,0,0,0,0,9,3,8,2,6,4,2,1,5,5,2,87.959342956543,29.4637603759766,76.937873840332,19.2326183319092,57.7089538574219,38.4911460876465,19.2492790222168,9.5438060760498,46.8779296875,45.146728515625,17.8603324890137,0,2,0,1,3,1,1,2,1,1,0,0,19.642505645752,0,9.61630916595459,28.8544769287109,9.62278652191162,9.6246395111084,19.0876121520996,9.37558555603027,9.02934551239014,0,12,18,13,6,33,18,31,19,19,17,15,117.279121398926,176.782562255859,125.024040222168,57.6978569030762,317.399261474609,173.210159301758,298.363800048828,181.332321166992,178.136138916016,153.498870849609,133.952484130859,0,4,0,2,4,3,2,3,3,1,3,0,39.2850112915039,0,19.2326183319092,38.4726371765137,28.8683605194092,19.2492790222168,28.6314182281494,28.1267585754395,9.02934551239014,26.7904987335205,11198,2526495.24829102,6377.82447047491
125,Rustic,28,56,70,85,67,74,69,64,76,82,89,108,554.181091308594,695.963439941406,832.598693847656,660.945068359375,735.148010253906,690.759826660156,645.161315917969,765.974609375,806.451599121094,837.804748535156,999.537231445313,7,19,10,13,15,39,22,16,36,36,26,69.2726364135742,188.904357910156,97.9527893066406,128.243072509766,149.016494750977,390.429473876953,221.774200439453,161.2578125,354.051940917969,338.887329101563,240.629333496094,0,2,3,0,0,2,5,0,1,0,0,0,19.8846683502197,29.385835647583,0,0,20.0220241546631,50.4032249450684,0,9.83477592468262,0,0,21,17,17,12,9,14,15,7,10,19,14,207.817916870117,169.019683837891,166.519744873047,118.378219604492,89.4098968505859,140.154174804688,151.209671020508,70.55029296875,98.3477554321289,178.857192993164,129.569641113281,1,1,1,0,0,1,0,2,0,0,1,9.89609146118164,9.94233417510986,9.79527854919434,0,0,10.0110120773315,0,20.1572265625,0,0,9.25497436523438,16,20,9,6,8,6,8,6,4,2,12,158.337463378906,198.846694946289,88.1575088500977,59.1891098022461,79.4754638671875,60.0660743713379,80.6451644897461,60.4716796875,39.3391036987305,18.8270740509033,111.059692382813,6,7,9,3,8,8,7,8,1,3,4,59.3765449523926,69.5963439941406,88.1575088500977,29.594554901123,79.4754638671875,80.0880966186523,70.5645141601563,80.62890625,9.83477592468262,28.2406101226807,37.0198974609375,22,15,9,18,47,27,35,13,26,14,37,217.714004516602,149.135009765625,88.1575088500977,177.567321777344,466.918334960938,270.297332763672,352.822570800781,131.02197265625,255.704162597656,131.789520263672,342.434051513672,1,1,3,1,2,1,5,0,5,2,1,9.89609146118164,9.94233417510986,29.385835647583,9.86485195159912,19.8688659667969,10.0110120773315,50.4032249450684,0,49.1738777160645,18.8270740509033,9.25497436523438,10805,2096378.20776367,5889.05410619556
126,York University Heights,27,276,296,364,348,359,384,351,332,345,406,421,957.635070800781,1032.72631835938,1274.95617675781,1207.78820800781,1234.48303222656,1310.31188964844,1188.5009765625,1109.66271972656,1128.18835449219,1274.52514648438,1304.25354003906,109,101,109,93,90,148,187,174,235,264,225,378.196441650391,352.382934570313,381.786346435547,322.770965576172,309.480407714844,505.016052246094,633.190002441406,581.570251464844,768.476135253906,828.755310058594,697.047607421875,15,27,25,32,37,18,39,18,35,16,36,52.0453834533691,94.2013778686523,87.565673828125,111.060981750488,127.230834960938,61.4208679199219,132.0556640625,60.1624374389648,114.453887939453,50.2275924682617,111.527618408203,108,140,99,105,122,111,105,114,128,218,130,374.726776123047,488.451599121094,346.760070800781,364.418853759766,419.517883300781,378.762023925781,355.534484863281,381.028778076172,418.57421875,684.350952148438,402.738616943359,1,0,2,1,1,0,1,6,3,0,1,3.46969223022461,0,7.00525379180908,3.47065567970276,3.43867135047913,0,3.38604283332825,20.0541458129883,9.81033325195313,0,3.097989320755,60,86,71,75,91,83,47,40,51,104,72,208.181533813477,300.048858642578,248.686508178711,260.299163818359,312.919097900391,283.218444824219,159.144012451172,133.694305419922,166.775665283203,326.479370117188,223.055236816406,2,1,5,10,8,6,12,14,14,6,11,6.93938446044922,3.48894000053406,17.5131340026855,34.7065544128418,27.509370803833,20.4736232757568,40.632511138916,46.7930068969727,45.7815551757813,18.8353481292725,34.0778846740723,141,122,138,164,170,159,262,200,215,178,163,489.226593017578,425.650695800781,483.362518310547,569.1875,584.574096679688,542.551025390625,887.143188476563,668.471557617188,703.073913574219,558.781982421875,504.972259521484,30,46,38,39,37,31,42,32,59,40,40,104.090766906738,160.491241455078,133.099822998047,135.355575561523,127.230834960938,105.780387878418,142.213790893555,106.955444335938,192.936553955078,125.568984985352,123.919578552246,32279,13246479.3210449,18511.6921722698
127,Glenfield-Jane Heights,25,287,298,300,271,294,339,274,309,271,325,364,906.592529296875,951.134643554688,956.998840332031,865.538146972656,940.017883300781,1085.14721679688,877.502014160156,982.543151855469,855.888549804688,998.249206542969,1118.52014160156,44,50,64,50,68,83,120,106,155,120,103,138.989791870117,159.586349487305,204.159759521484,159.693389892578,217.41911315918,265.685028076172,384.307434082031,337.053649902344,489.530364990234,368.584320068359,316.504302978516,10,28,10,13,7,8,14,6,5,5,7,31.5885906219482,89.3683547973633,31.8999614715576,41.5202827453613,22.3813781738281,25.6081943511963,44.8358688354492,19.0785083770752,15.7913017272949,15.3576803207397,21.5100021362305,36,36,30,42,38,36,50,41,34,43,36,113.718925476074,114.90217590332,95.6998825073242,134.142440795898,121.498916625977,115.236877441406,160.12809753418,130.369812011719,107.380851745605,132.076049804688,110.622871398926,0,0,2,2,0,2,1,5,3,0,0,0,0,6.37999248504639,6.38773536682129,0,6.40204858779907,3.20256209373474,15.898756980896,9.47478103637695,0,0,42,42,66,50,48,46,48,26,29,31,29,132.672073364258,134.052536010742,210.539749145508,159.693389892578,153.472305297852,147.247116088867,153.72297668457,82.6735382080078,91.5895538330078,95.2176208496094,89.1128692626953,7,16,23,20,24,31,33,17,9,14,17,22.1120128631592,51.0676345825195,73.3699111938477,63.8773536682129,76.7361526489258,99.2317504882813,105.684547424316,54.0557746887207,28.4243431091309,43.0015068054199,52.2385749816895,78,46,88,61,79,73,138,95,81,53,64,246.391006469727,146.819442749023,280.719665527344,194.825927734375,252.58984375,233.674774169922,441.953552246094,302.076385498047,255.819091796875,162.791412353516,196.662872314453,7,7,9,7,11,12,19,7,11,27,12,22.1120128631592,22.3420886993408,28.7099647521973,22.3570747375488,35.1707382202148,38.4122924804688,60.8486785888672,22.2582588195801,34.7408638000488,82.9314727783203,36.8742904663086,32543,5150697.5246582,11459.9417593974
128,Broadview North,57,49,58,46,57,57,69,62,55,60,81,91,409.836059570313,487.435913085938,384.454650878906,479.394439697266,482.192718505859,587.584106445313,531.595642089844,472.102996826172,511.945404052734,673.5966796875,758.839233398438,2,4,7,6,6,3,7,11,15,17,15,16.7280025482178,33.6162719726563,58.5039710998535,50.462574005127,50.7571258544922,25.5471343994141,60.0188636779785,94.4206008911133,127.986351013184,141.372146606445,125.083389282227,4,9,16,10,1,13,35,10,24,11,8,33.4560050964355,75.636604309082,133.723358154297,84.1042861938477,8.45952129364014,110.704246520996,300.094329833984,85.8369064331055,204.77815246582,91.4760894775391,66.7111434936523,14,21,16,24,8,25,25,18,17,22,20,117.096015930176,176.485412597656,133.723358154297,201.850296020508,67.6761703491211,212.892791748047,214.353088378906,154.506439208984,145.051193237305,182.952178955078,166.777847290039,0,0,0,1,1,0,0,1,1,0,1,0,0,0,8.41042900085449,8.45952129364014,0,0,8.58369064331055,8.53242301940918,0,8.33889293670654,9,4,11,5,7,5,3,10,2,3,5,75.276008605957,33.6162719726563,91.9348068237305,42.0521430969238,59.2166481018066,42.578556060791,25.7223701477051,85.8369064331055,17.0648460388184,24.9480247497559,41.6944618225098,0,0,1,1,0,0,0,1,2,0,3,0,0,8.35770988464355,8.41042900085449,0,0,0,8.58369064331055,17.0648460388184,0,25.0166778564453,15,24,24,12,16,26,32,22,33,28,20,125.460021972656,201.697616577148,200.585037231445,100.925148010254,135.352340698242,221.408493041992,274.371948242188,188.841201782227,281.569976806641,232.848236083984,166.777847290039,0,2,2,1,1,1,6,1,3,3,5,0,16.8081359863281,16.7154197692871,8.41042900085449,8.45952129364014,8.51571178436279,51.4447402954102,8.58369064331055,25.5972690582275,24.9480247497559,41.6944618225098,11992,1745977.7956543,7178.09952140759
129,Leaside-Bennington,56,41,30,41,38,37,31,30,50,34,38,25,237.832824707031,175.100677490234,237.819030761719,220.583969116211,214.87890625,180.190658569336,174.479476928711,288.850372314453,194.831237792969,211.487091064453,138.966094970703,12,14,4,4,41,31,43,86,79,113,75,69.6096038818359,81.7136535644531,23.2018566131592,23.2193641662598,238.109069824219,180.190658569336,250.08723449707,496.822631835938,452.696105957031,628.895812988281,416.898284912109,26,23,38,17,23,26,48,28,10,12,3,150.820816040039,134.243850708008,220.417633056641,98.6823043823242,133.573379516602,151.127639770508,279.167144775391,161.756210327148,57.3033065795898,66.7853927612305,16.675931930542,39,30,33,29,34,45,40,39,42,49,30,226.231216430664,175.100677490234,191.415313720703,168.340393066406,197.456298828125,261.567077636719,232.639297485352,225.303298950195,240.673889160156,272.70703125,166.759307861328,0,1,0,0,0,0,0,0,0,0,0,0,5.83668947219849,0,0,0,0,0,0,0,0,0,7,11,9,13,8,2,8,3,5,5,5,40.6056022644043,64.2035827636719,52.2041778564453,75.4629364013672,46.4603042602539,11.6252031326294,46.5278587341309,17.3310222625732,28.6516532897949,27.8272476196289,27.7932186126709,0,1,0,0,0,0,0,1,1,0,1,0,5.83668947219849,0,0,0,0,0,5.77700757980347,5.73033046722412,0,5.55864381790161,67,37,19,45,29,46,43,40,62,54,27,388.653625488281,215.957504272461,110.20881652832,261.217864990234,168.418609619141,267.379669189453,250.08723449707,231.080307006836,355.280487060547,300.534271240234,150.083374023438,9,5,3,4,3,7,7,3,3,9,4,52.207202911377,29.1834468841553,17.4013919830322,23.2193641662598,17.4226150512695,40.6882133483887,40.7118759155273,17.3310222625732,17.1909923553467,50.0890464782715,22.2345752716064,17990,4784981.41235352,14837.3974655056
130,Thorncliffe Park,55,86,104,88,100,92,121,97,118,113,128,145,411.384826660156,490.913391113281,404.356018066406,461.552673339844,426.518310546875,562.81689453125,452.319885253906,546.473388671875,513.146545410156,558.976379394531,625.485290527344,12,12,4,9,12,15,20,16,33,56,50,57.4025344848633,56.6438522338867,18.3798198699951,41.5397415161133,55.6328239440918,69.7706832885742,93.261833190918,74.0980911254883,149.856948852539,244.552169799805,215.684585571289,10,5,15,10,3,8,15,17,16,10,9,47.8354454040527,23.6016044616699,68.9243240356445,46.1552658081055,13.9082059860229,37.2110328674316,69.9463729858398,78.7292175292969,72.6579208374023,43.6700286865234,38.8232231140137,34,27,24,19,24,28,41,35,52,49,47,162.640518188477,127.448669433594,110.278915405273,87.6950073242188,111.265647888184,130.238616943359,191.186752319336,162.089569091797,236.138229370117,213.983139038086,202.743515014648,3,1,1,4,0,0,2,0,0,0,0,14.3506336212158,4.72032117843628,4.59495496749878,18.4621067047119,0,0,9.3261833190918,0,0,0,0,16,10,15,9,4,13,5,14,18,12,9,76.5367126464844,47.2032089233398,68.9243240356445,41.5397415161133,18.5442752838135,60.4679298400879,23.3154582977295,64.835823059082,81.7401580810547,52.4040336608887,38.8232231140137,1,1,1,2,3,8,9,3,3,4,2,4.78354454040527,4.72032117843628,4.59495496749878,9.23105335235596,13.9082059860229,37.2110328674316,41.9678230285645,13.8933916091919,13.6233596801758,17.4680118560791,8.6273832321167,25,15,30,24,30,27,26,35,61,33,55,119.58861541748,70.804817199707,137.848648071289,110.772636413574,139.082061767578,125.58723449707,121.240379333496,162.089569091797,277.00830078125,144.111099243164,237.253036499023,9,6,11,9,4,5,3,0,10,8,8,43.0519027709961,28.3219261169434,50.5445022583008,41.5397415161133,18.5442752838135,23.2568950653076,13.9892749786377,0,45.4111976623535,34.9360237121582,34.5095329284668,23182,3126357.20996094,7503.56591909032
131,O'Connor-Parkview,54,182,163,127,132,133,144,114,115,161,133,138,955.832153320313,856.407287597656,660.838806152344,685.215942382813,689.440673828125,745.380187988281,589.512878417969,589.834350585938,808.963928222656,642.4189453125,657.863403320313,22,12,7,10,19,29,20,43,42,61,55,115.540153503418,63.0483894348145,36.424186706543,51.9102973937988,98.4915237426758,150.111282348633,103.423309326172,220.546752929688,211.034072875977,294.643280029297,262.191925048828,9,11,6,9,9,5,6,7,7,8,3,47.2664260864258,57.7943572998047,31.2207298278809,46.7192687988281,46.653881072998,25.8812561035156,31.0269927978516,35.9029579162598,35.1723442077637,38.6417427062988,14.3013772964478,53,30,34,39,26,56,25,38,47,44,29,278.346740722656,157.620971679688,176.91748046875,202.450164794922,134.777877807617,289.870086669922,129.279144287109,194.901779174805,236.157165527344,212.529586791992,138.246658325195,1,0,0,1,0,0,0,1,0,1,0,5.25182485580444,0,0,5.19103002548218,0,0,0,5.12899398803711,0,4.83021783828735,0,29,14,28,18,7,12,19,12,8,3,6,152.302932739258,73.5564575195313,145.696746826172,93.4385375976563,36.2863502502441,62.1150169372559,98.2521438598633,61.5479316711426,40.196964263916,14.4906539916992,28.6027545928955,5,3,1,2,5,4,1,2,3,0,1,26.2591247558594,15.7620973587036,5.20345497131348,10.3820600509644,25.9188213348389,20.705005645752,5.17116546630859,10.2579879760742,15.0738620758057,0,4.76712608337402,61,88,84,31,78,50,78,65,42,38,42,320.361328125,462.354858398438,437.090240478516,160.921920776367,404.333618164063,258.812561035156,403.350921630859,333.384613037109,211.034072875977,183.548278808594,200.219284057617,11,6,6,2,6,7,10,2,9,6,8,57.770076751709,31.5241947174072,31.2207298278809,10.3820600509644,31.1025867462158,36.2337608337402,51.7116546630859,10.2579879760742,45.2215843200684,28.9813079833984,38.1370086669922,20977,4876711.36645508,10926.9770729977
132,Henry Farm,53,57,60,67,69,70,81,84,94,90,105,115,389.131622314453,388.073211669922,386.791351318359,382.229125976563,372.836212158203,415.683044433594,415.718109130859,446.174285888672,401.803649902344,433.257690429688,451.298950195313,13,11,10,15,15,22,20,33,32,69,38,88.7493209838867,71.1467590332031,57.730052947998,83.0932846069336,79.8934783935547,112.901573181152,98.9804992675781,156.635650634766,142.863525390625,284.712188720703,149.124877929688,4,2,1,3,1,5,12,19,7,8,3,27.3074817657471,12.9357738494873,5.77300548553467,16.6186580657959,5.32623147964478,25.6594486236572,59.3883018493652,90.1841659545898,31.2513942718506,33.0101089477539,11.7730159759521,38,26,12,28,22,39,33,24,36,25,19,259.421081542969,168.165054321289,69.2760620117188,155.107467651367,117.177093505859,200.143692016602,163.317825317383,113.916839599609,160.721466064453,103.156593322754,74.5624389648438,0,1,0,1,1,0,0,0,0,1,0,0,6.46788692474365,0,5.53955221176147,5.32623147964478,0,0,0,0,4.12626361846924,0,2,5,3,12,9,6,6,7,10,13,3,13.6537408828735,32.3394355773926,17.3190155029297,66.4746322631836,47.9360847473145,30.7913379669189,29.6941509246826,33.2257461547852,44.6448516845703,53.6414260864258,11.7730159759521,0,4,0,1,2,3,2,0,2,0,0,0,25.8715476989746,0,5.53955221176147,10.6524629592896,15.3956689834595,9.89805030822754,0,8.92897033691406,0,0,28,32,33,21,24,82,40,100,83,88,28,191.152374267578,206.972381591797,190.509185791016,116.330596923828,127.829559326172,420.81494140625,197.960998535156,474.653503417969,370.55224609375,363.111206054688,109.881484985352,2,3,1,9,5,13,6,6,10,10,9,13.6537408828735,19.4036617279053,5.77300548553467,49.8559722900391,26.6311588287354,66.7145614624023,29.6941509246826,28.4792098999023,44.6448516845703,41.262638092041,35.3190498352051,25482,2593567.26464844,8182.26332095287
133,Bayview Village,52,83,106,78,58,62,69,70,71,119,137,121,404.306091308594,500.874176025391,352.526428222656,258.432464599609,272.779266357422,299.739349365234,300.442077636719,299.048095703125,473.6318359375,506.039215087891,426.567016601563,25,14,14,21,8,38,30,42,61,98,65,121.778945922852,66.153190612793,63.2739753723145,93.5703811645508,35.1973266601563,165.073852539063,128.760894775391,176.90168762207,242.786071777344,361.984252929688,229.147567749023,8,11,25,12,15,9,46,11,7,17,8,38.9692611694336,51.9775085449219,112.989242553711,53.4687881469727,65.994987487793,39.0964393615723,197.433364868164,46.3313941955566,27.8606967926025,62.7931900024414,28.2027778625488,47,34,33,40,50,37,30,29,30,66,61,228.944427490234,160.657745361328,149.145797729492,178.229293823242,219.983276367188,160.729797363281,128.760894775391,122.146408081055,119.402984619141,243.78532409668,215.046188354492,0,0,0,0,1,0,1,0,0,0,0,0,0,0,0,4.39966583251953,0,4.2920298576355,0,0,0,0,3,5,11,8,5,15,18,4,10,9,32,14.6134738922119,23.6261405944824,49.7152671813965,35.6458587646484,21.998327255249,65.1607284545898,77.2565383911133,16.8477802276611,39.8009948730469,33.2434539794922,112.811111450195,0,1,0,0,1,1,1,3,5,2,3,0,4.72522783279419,0,0,4.39966583251953,4.34404850006104,4.2920298576355,12.635835647583,19.9004974365234,7.3874340057373,10.576042175293,85,23,42,30,30,52,59,45,68,116,45,414.048431396484,108.680244445801,189.821929931641,133.671966552734,131.989974975586,225.890533447266,253.229751586914,189.537521362305,270.646759033203,428.471160888672,158.640625,8,9,5,7,7,12,12,9,6,19,13,38.9692611694336,42.5270538330078,22.5978488922119,31.1901264190674,30.7976589202881,52.1285820007324,51.5043563842773,37.9075050354004,23.8805961608887,70.1806259155273,45.8295135498047,28366,5159113.55322266,9504.16981183269
134,Newtonbrook East,50,80,80,98,89,88,88,64,95,88,87,105,491.460876464844,495.540130615234,590.681701660156,536.564758300781,530.344116210938,530.248229980469,385.402862548828,567.435180664063,513.5087890625,485.897796630859,576.891357421875,15,9,9,11,14,33,44,46,62,76,53,92.1489105224609,55.7482643127441,54.2462768554688,66.3169937133789,84.3729248046875,198.84309387207,264.964477539063,274.758087158203,361.790283203125,424.462432861328,291.192779541016,9,9,10,9,6,8,1,9,10,8,5,55.2893486022949,55.7482643127441,60.2736434936523,54.2593612670898,36.1598281860352,48.2043876647949,6.02191972732544,53.7570190429688,58.353271484375,44.6802558898926,27.4710178375244,36,50,42,56,64,53,38,27,38,36,35,221.15739440918,309.712585449219,253.149291992188,337.613800048828,385.704803466797,319.354064941406,228.832946777344,161.271057128906,221.742431640625,201.061157226563,192.297119140625,0,1,1,0,1,0,0,0,0,1,0,0,6.194251537323,6.0273642539978,0,6.0266375541687,0,0,0,0,5.58503198623657,0,9,10,14,20,10,11,15,14,10,21,27,55.2893486022949,61.9425163269043,84.3831024169922,120.576354980469,60.2663764953613,66.2810287475586,90.3287963867188,83.6220321655273,58.353271484375,117.285675048828,148.343490600586,0,0,2,0,1,0,1,1,4,1,1,0,0,12.0547285079956,0,6.0266375541687,0,6.02191972732544,5.9730019569397,23.34130859375,5.58503198623657,5.49420356750488,22,34,28,41,35,62,50,37,48,43,47,135.151733398438,210.604553222656,168.766204833984,247.181533813477,210.932327270508,373.583984375,301.095977783203,221.001068115234,280.095703125,240.156387329102,258.227569580078,1,7,5,9,4,9,11,8,11,15,13,6.14326095581055,43.3597602844238,30.1368217468262,54.2593612670898,24.1065502166748,54.2299346923828,66.2411193847656,47.7840156555176,64.1885986328125,83.7754821777344,71.4246444702148,18201,4084668.73413086,8094.49089354603
135,Bayview Woods-Steeles,49,35,41,37,33,41,43,33,26,39,59,48,264.830505371094,313.168334960938,274.684478759766,247.228042602539,310.065795898438,328.093994140625,253.748565673828,199.401794433594,292.551208496094,424.216278076172,339.414520263672,16,7,18,21,7,21,16,27,14,35,20,121.065376281738,53.4677658081055,133.630294799805,157.326934814453,52.938060760498,160.231948852539,123.029602050781,207.071090698242,105.018379211426,251.653717041016,141.422714233398,2,3,1,2,1,2,3,1,0,3,0,15.1331720352173,22.9147567749023,7.42390489578247,14.9835186004639,7.56258058547974,15.2601861953735,23.0680503845215,7.66929960250854,0,21.5703201293945,0,22,34,33,39,29,21,33,10,10,27,52,166.464889526367,259.700592041016,244.988861083984,292.178588867188,219.314834594727,160.231948852539,253.748565673828,76.693000793457,75.0131301879883,194.132873535156,367.699066162109,0,0,0,0,0,1,0,0,0,0,0,0,0,0,0,0,7.63009309768677,0,0,0,0,0,7,1,0,5,7,5,2,2,2,7,4,52.9661026000977,7.63825225830078,0,37.4587936401367,52.938060760498,38.1504669189453,15.3787002563477,15.3385992050171,15.0026254653931,50.3307456970215,28.2845420837402,0,0,1,0,3,3,1,0,0,0,0,0,0,7.42390489578247,0,22.6877403259277,22.8902797698975,7.68935012817383,0,0,0,0,22,14,15,6,29,22,33,26,19,33,14,166.464889526367,106.935531616211,111.358573913574,44.950553894043,219.314834594727,167.862045288086,253.748565673828,199.401794433594,142.524948120117,237.273513793945,98.9958953857422,4,1,1,3,2,2,2,2,4,1,7,30.2663440704346,7.63825225830078,7.42390489578247,22.4752769470215,15.1251611709595,15.2601861953735,15.3787002563477,15.3385992050171,30.0052509307861,7.19010639190674,49.4979476928711,14142,4088940.43432617,8253.11483919459
136,Hillcrest Village,48,66,62,43,59,70,76,53,44,46,67,65,371.537933349609,353.437469482422,247.71012878418,341.870422363281,408.425231933594,446.087921142578,312.961334228516,258.838745117188,267.909149169922,377.528594970703,364.676849365234,14,10,23,19,25,27,24,40,16,74,51,78.8110809326172,57.0060424804688,132.496109008789,110.093872070313,145.866149902344,158.478607177734,141.718338012695,235.307952880859,93.185791015625,416.971893310547,286.131072998047,4,4,3,7,9,9,0,4,0,2,3,22.5174503326416,22.802417755127,17.2821006774902,40.5608978271484,52.5118141174316,52.8262023925781,0,23.5307960510254,0,11.269510269165,16.8312397003174,35,48,34,31,42,35,18,20,31,40,36,197.027694702148,273.628997802734,195.863815307617,179.626846313477,245.055130004883,205.43522644043,106.288749694824,117.65397644043,180.547470092773,225.390213012695,201.974868774414,0,0,0,0,0,1,0,1,0,0,1,0,0,0,0,0,5.86957788467407,0,5.88269901275635,0,0,5.61041307449341,20,8,16,25,19,18,14,10,32,13,28,112.587257385254,45.6048355102539,92.1712112426758,144.8603515625,110.858276367188,105.652404785156,82.6690292358398,58.8269882202148,186.37158203125,73.2518157958984,157.091567993164,1,0,0,1,1,2,0,1,1,1,0,5.6293625831604,0,0,5.79441404342651,5.83464622497559,11.7391557693481,0,5.88269901275635,5.82411193847656,5.63475513458252,0,28,47,21,21,37,48,30,56,46,42,25,157.622161865234,267.928405761719,120.974708557129,121.68270111084,215.881912231445,281.73974609375,177.147918701172,329.43115234375,267.909149169922,236.659713745117,140.260330200195,6,5,2,4,8,6,8,4,5,8,6,33.7761764526367,28.5030212402344,11.5214014053345,23.1776561737061,46.6771697998047,35.2174682617188,47.239444732666,23.5307960510254,29.1205596923828,45.0780410766602,33.6624794006348,17824,5395573.67089844,9570.81675006214
137,Alderwood,20,44,47,39,21,30,36,37,27,43,44,49,355.010498046875,379.890075683594,314.212066650391,167.544281005859,237.116668701172,281.646057128906,287.044219970703,206.138336181641,324.332489013672,321.449432373047,356.467346191406,9,18,17,16,24,15,28,31,69,50,51,72.6157836914063,145.489822387695,136.964233398438,127.652786254883,189.693328857422,117.352523803711,217.22265625,236.677352905273,520.440490722656,365.283447265625,371.017028808594,5,2,3,4,9,5,8,0,12,2,2,40.3421020507813,16.1655349731445,24.1701583862305,31.9131965637207,71.1350021362305,39.1175079345703,62.0636138916016,0,90.5113906860352,14.6113386154175,14.5496873855591,18,28,26,23,23,26,43,17,42,20,32,145.231567382813,226.317489624023,209.474700927734,183.500885009766,181.789443969727,203.411041259766,333.591918945313,129.790802001953,316.789855957031,146.113388061523,232.794998168945,1,0,0,0,0,0,0,0,3,0,2,8.06842041015625,0,0,0,0,0,0,0,22.6278476715088,0,14.5496873855591,8,6,10,6,8,5,12,2,7,8,1,64.54736328125,48.4966049194336,80.5671920776367,47.8697929382324,63.2311096191406,39.1175079345703,93.0954208374023,15.2695064544678,52.7983093261719,58.4453544616699,7.27484369277954,1,0,0,0,0,1,0,0,1,0,0,8.06842041015625,0,0,0,0,7.82350158691406,0,0,7.54261589050293,0,0,37,45,45,17,20,54,47,47,31,16,21,298.531555175781,363.724548339844,362.552368164063,135.631088256836,158.077774047852,422.469085693359,364.623748779297,358.833404541016,233.821090698242,116.89070892334,152.771713256836,7,3,10,7,7,7,5,4,8,8,12,56.4789428710938,24.2483024597168,80.5671920776367,55.8480949401855,55.327220916748,54.7645111083984,38.7897605895996,30.5390129089355,60.3409271240234,58.4453544616699,87.2981262207031,13746,4978387.91552734,9168.59613520858
138,Long Branch,19,64,67,60,65,57,59,68,95,90,95,77,623.295654296875,649.79150390625,575.20849609375,606.682861328125,518.04052734375,522.586364746094,587.98095703125,798.118103027344,743.37158203125,755.347045898438,606.776977539063,9,15,13,13,11,11,24,41,34,37,29,87.6509552001953,145.475708007813,124.628509521484,121.336570739746,99.9727325439453,97.4313583374023,207.522705078125,344.450988769531,280.829284667969,294.187805175781,228.526397705078,11,10,10,17,35,11,8,11,30,16,11,107.128944396973,96.9838027954102,95.8680877685547,158.6708984375,318.095062255859,97.4313583374023,69.1742324829102,92.4136810302734,247.79052734375,127.216346740723,86.6824264526367,24,33,28,27,39,29,34,15,33,27,21,233.735885620117,320.046539306641,268.430633544922,252.006713867188,354.448791503906,256.864471435547,293.990478515625,126.018653869629,272.569580078125,214.677581787109,165.484634399414,0,0,0,0,0,0,0,1,0,0,1,0,0,0,0,0,0,0,8.40124320983887,0,0,7.88022041320801,14,14,6,12,10,30,16,1,7,7,5,136.345932006836,135.777328491211,57.5208511352539,112.002983093262,90.8843078613281,265.721862792969,138.34846496582,8.40124320983887,57.8177909851074,55.6571502685547,39.4011039733887,0,0,0,3,0,0,0,3,0,0,1,0,0,0,28.0007457733154,0,0,0,25.2037296295166,0,0,7.88022041320801,45,52,19,42,16,44,42,39,30,19,23,438.254760742188,504.315765380859,182.149368286133,392.010467529297,145.414886474609,389.725433349609,363.164733886719,327.648498535156,247.79052734375,151.069412231445,181.245071411133,1,4,0,3,3,1,4,3,5,2,6,9.73899459838867,38.7935218811035,0,28.0007457733154,27.2652912139893,8.85739612579346,34.5871162414551,25.2037296295166,41.2984237670898,15.9020433425903,47.281322479248,12690,2261913.66674805,7808.45161974756
139,New Toronto,18,84,103,98,101,105,108,89,116,163,168,166,731.579833984375,892.006591796875,830.438110351563,854.483947753906,886.824340820313,910.93115234375,750.105346679688,971.361572265625,1350.00830078125,1339.072265625,1312.77185058594,9,13,10,13,12,23,21,15,43,38,34,78.3835601806641,112.583358764648,84.7385787963867,109.98307800293,101.351348876953,193.994598388672,176.991149902344,125.60710144043,356.137145996094,302.885375976563,268.880981445313,8,12,6,9,34,9,16,9,21,9,14,69.6742706298828,103.923095703125,50.843147277832,76.1421356201172,287.162170410156,75.9109344482422,134.850402832031,75.3642578125,173.927444458008,71.7360076904297,110.715698242188,24,42,42,26,21,25,41,18,24,38,24,209.022811889648,363.730834960938,355.902038574219,219.966156005859,177.364868164063,210.863693237305,345.554138183594,150.728515625,198.774230957031,302.885375976563,189.79833984375,0,0,1,0,2,0,0,0,0,0,1,0,0,8.47385787963867,0,16.8918914794922,0,0,0,0,0,7.90826416015625,19,16,19,25,20,17,11,14,16,16,7,165.47639465332,138.56413269043,161.003311157227,211.505920410156,168.918914794922,143.387313842773,92.7096481323242,117.233291625977,132.516143798828,127.530685424805,55.3578491210938,1,1,1,3,1,2,4,3,0,1,2,8.70928382873535,8.66025829315186,8.47385787963867,25.3807106018066,8.44594573974609,16.8690967559814,33.7126007080078,25.1214199066162,0,7.97066783905029,15.8165283203125,20,43,32,21,37,41,40,24,48,36,23,174.185684204102,372.391082763672,271.163452148438,177.664978027344,312.5,345.816467285156,337.126007080078,200.97135925293,397.548461914063,286.944030761719,181.890075683594,3,5,5,1,1,2,5,5,7,5,9,26.1278514862061,43.3012886047363,42.3692893981934,8.46023654937744,8.44594573974609,16.8690967559814,42.1407508850098,41.8690338134766,57.9758148193359,39.8533401489258,71.1743774414063,12645,3483680.29052734,11167.2271212586
140,Stonegate-Queensway,16,91,72,78,99,86,84,104,78,102,138,141,355.46875,281.822448730469,302.994995117188,382.165618896484,329.792541503906,320.243988037109,394.208160400391,292.189544677734,373.996246337891,486.395050048828,490.605438232422,38,31,14,34,33,35,50,70,142,149,80,148.4375,121.340225219727,54.383716583252,131.248794555664,126.548301696777,133.434997558594,189.523162841797,262.221405029297,520.661437988281,525.165649414063,278.357696533203,9,19,11,7,11,10,14,5,10,7,15,35.15625,74.3698120117188,42.7300643920898,27.0218105316162,42.1827659606934,38.1242866516113,53.0664863586426,18.7300987243652,36.6663017272949,24.672212600708,52.192066192627,70,45,49,50,39,64,35,30,44,101,89,273.4375,176.139038085938,190.343002319336,193.012939453125,149.557083129883,243.995422363281,132.666213989258,112.380592346191,161.331726074219,355.984771728516,309.672943115234,0,0,0,0,0,0,0,1,0,2,0,0,0,0,0,0,0,0,3.74601984024048,0,7.04920339584351,0,15,10,13,25,26,24,20,18,7,18,11,58.59375,39.1420059204102,50.4991645812988,96.5064697265625,99.704719543457,91.4982833862305,75.8092651367188,67.4283599853516,25.666410446167,63.4428291320801,38.2741813659668,3,2,0,0,0,1,0,0,0,1,4,11.71875,7.82840156555176,0,0,0,3.81242847442627,0,0,0,3.52460169792175,13.9178848266602,93,61,50,56,79,73,96,58,105,69,47,363.28125,238.766250610352,194.227554321289,216.17448425293,302.948944091797,278.307281494141,363.884460449219,217.269149780273,384.996154785156,243.197525024414,163.535140991211,8,8,4,6,8,4,5,7,9,11,13,31.25,31.313606262207,15.5382041931152,23.1615524291992,30.6783752441406,15.2497138977051,18.9523162841797,26.2221393585205,32.9996681213379,38.7706184387207,45.2331237792969,28740,7945942.4597168,11852.9163248028
141,Kingsway South,15,25,34,29,25,34,31,10,32,21,63,48,266.155639648438,362.627990722656,305.713684082031,265.083221435547,363.092681884766,333.190032958984,108.330627441406,346.808288574219,221.752899169922,635.272766113281,474.871398925781,18,16,9,22,11,30,17,36,68,90,30,191.632064819336,170.648468017578,94.8766632080078,233.273254394531,117.471168518066,322.441955566406,184.162063598633,390.159301757813,718.057006835938,907.532531738281,296.794616699219,13,17,14,9,7,8,12,6,6,9,6,138.400939941406,181.313995361328,147.585922241211,95.4299621582031,74.7543792724609,85.9845199584961,129.99674987793,65.0265502929688,63.3579711914063,90.7532501220703,59.3589248657227,24,23,27,31,18,25,21,9,13,55,34,255.509414672852,245.307174682617,284.629974365234,328.703216552734,192.225540161133,268.701629638672,227.49430847168,97.5398254394531,137.275604248047,554.603210449219,336.367248535156,0,0,0,0,0,0,0,0,0,0,0,0,0,0,0,0,0,0,0,0,0,0,16,21,12,15,16,13,4,13,8,8,7,170.339614868164,223.976104736328,126.502212524414,159.049942016602,170.867156982422,139.724853515625,43.3322486877441,140.890869140625,84.477294921875,80.6695556640625,69.2520751953125,0,0,0,1,1,0,0,0,0,0,0,0,0,0,10.6033296585083,10.6791973114014,0,0,0,0,0,0,25,34,21,28,27,23,15,18,22,13,24,266.155639648438,362.627990722656,221.378875732422,296.893218994141,288.338317871094,247.205505371094,162.495941162109,195.079650878906,232.312561035156,131.088027954102,237.435699462891,3,3,2,6,4,4,3,3,4,6,8,31.9386768341064,31.9965877532959,21.0837020874023,63.6199760437012,42.7167892456055,42.992259979248,32.4991874694824,32.5132751464844,42.2386474609375,60.5021667480469,79.1452331542969,10108,2638166.81445313,8062.16138873272
142,Etobicoke West Mall,13,43,59,46,53,44,50,62,47,50,65,62,372.7138671875,505.699829101563,377.049194335938,431.209838867188,355.297149658203,401.058807373047,493.630584716797,368.829956054688,378.157623291016,463.888092041016,430.0478515625,11,14,15,9,8,12,10,17,31,65,44,95.3454132080078,119.996574401855,122.950820922852,73.2243118286133,64.599479675293,96.2541122436523,79.6178359985352,133.40657043457,234.457717895508,463.888092041016,305.195251464844,10,2,1,2,2,3,2,4,4,3,4,86.6776428222656,17.1423664093018,8.19672107696533,16.2720699310303,16.1498699188232,24.0635280609131,15.9235668182373,31.3897819519043,30.2526092529297,21.4102191925049,27.745023727417,26,25,14,8,16,8,14,12,21,12,11,225.361877441406,214.279586791992,114.754096984863,65.0882797241211,129.198959350586,64.1694107055664,111.464965820313,94.1693496704102,158.826202392578,85.6408767700195,76.2988128662109,1,0,1,0,0,2,1,0,0,0,1,8.66776466369629,0,8.19672107696533,0,0,16.0423526763916,7.96178340911865,0,0,0,6.93625593185425,13,5,4,4,6,10,9,2,4,1,3,112.680938720703,42.8559188842773,32.7868843078613,32.5441398620605,48.4496116638184,80.2117614746094,71.6560516357422,15.6948909759521,30.2526092529297,7.13673973083496,20.8087673187256,0,2,1,1,3,3,6,0,1,2,1,0,17.1423664093018,8.19672107696533,8.13603496551514,24.2248058319092,24.0635280609131,47.7707023620605,0,7.56315231323242,14.2734794616699,6.93625593185425,24,24,19,15,23,19,29,18,54,49,23,208.026351928711,205.708404541016,155.737701416016,122.040519714355,185.723510742188,152.40234375,230.891723632813,141.254028320313,408.410217285156,349.700256347656,159.533889770508,0,3,0,4,3,6,7,3,5,5,5,0,25.713550567627,0,32.5441398620605,24.2248058319092,48.1270561218262,55.7324829101563,23.5423374176025,37.8157615661621,35.6837005615234,34.6812782287598,14417,1796406.22192383,6475.59413914792
143,Markland Wood,12,23,14,26,23,24,14,42,25,35,44,50,214.692428588867,130.902297973633,240.740737915039,212.844711303711,221.934524536133,129.401977539063,388.205932617188,229.75830078125,317.950592041016,387.085418701172,438.673461914063,8,15,13,9,19,9,29,22,31,49,40,74.6756286621094,140.252456665039,120.37036895752,83.2870635986328,175.698165893555,83.1869888305664,268.046966552734,202.187301635742,281.613372802734,431.072387695313,350.938751220703,32,6,1,3,5,9,1,1,1,1,6,298.702514648438,56.1009826660156,9.25925922393799,27.7623538970947,46.2363586425781,83.1869888305664,9.24299812316895,9.19033145904541,9.08430194854736,8.79739570617676,52.6408157348633,52,19,19,13,25,25,12,9,12,14,21,485.391571044922,177.653106689453,175.925918579102,120.303535461426,231.18180847168,231.074966430664,110.915977478027,82.7129821777344,109.011627197266,123.163543701172,184.24284362793,0,0,0,0,0,0,0,0,0,0,0,0,0,0,0,0,0,0,0,0,0,0,9,3,10,10,4,14,17,8,11,3,5,84.0100784301758,28.0504913330078,92.5925903320313,92.5411834716797,36.9890899658203,129.401977539063,157.130966186523,73.5226516723633,99.9273223876953,26.3921871185303,43.8673439025879,0,0,0,0,1,1,0,0,0,0,1,0,0,0,0,9.24727249145508,9.24299812316895,0,0,0,0,8.77346897125244,58,38,44,31,22,18,16,23,40,23,20,541.398315429688,355.306213378906,407.407409667969,286.877655029297,203.439987182617,166.373977661133,147.887969970703,211.377624511719,363.372100830078,202.340103149414,175.469375610352,3,2,2,1,2,3,7,0,4,1,4,28.003360748291,18.7003269195557,18.518518447876,9.25411796569824,18.4945449829102,27.7289943695068,64.7009887695313,0,36.3372077941895,8.79739570617676,35.0938758850098,11398,2953929.625,7845.48598147479
144,Eringate-Centennial-West Deane,11,56,64,61,58,35,46,43,39,59,90,88,291.469329833984,335.061004638672,319.857360839844,304.158569335938,183.543975830078,241.431793212891,225.769195556641,203.326202392578,302.765960693359,445.699005126953,432.241271972656,28,24,30,29,28,41,51,66,91,120,95,145.734664916992,125.647872924805,157.306900024414,152.079284667969,146.835174560547,215.189208984375,267.772766113281,344.090515136719,466.977996826172,594.265319824219,466.624084472656,5,2,4,4,2,3,4,0,0,2,2,26.0240459442139,10.4706563949585,20.9742546081543,20.9764537811279,10.488226890564,15.7455520629883,21.0017852783203,0,0,9.90442276000977,9.82366561889648,39,28,28,18,33,20,12,14,18,31,31,202.987564086914,146.58918762207,146.819778442383,94.39404296875,173.055740356445,104.970344543457,63.0053558349609,72.9888916015625,92.369270324707,153.518539428711,152.266815185547,0,0,0,0,2,1,0,0,0,0,0,0,0,0,0,10.488226890564,5.24851751327515,0,0,0,0,0,15,15,13,18,9,11,19,4,13,13,6,78.072135925293,78.5299224853516,68.1663284301758,94.39404296875,47.197021484375,57.7336883544922,99.7584762573242,20.8539695739746,66.7111434936523,64.3787460327148,29.4709949493408,1,4,3,1,3,3,4,1,1,0,3,5.20480918884277,20.941312789917,15.7306909561157,5.24411344528198,15.7323408126831,15.7455520629883,21.0017852783203,5.21349239349365,5.13162612915039,0,14.7354974746704,71,47,42,29,42,36,37,34,60,45,51,369.541442871094,246.060409545898,220.229675292969,152.079284667969,220.25276184082,188.946624755859,194.266510009766,177.258743286133,307.897583007813,222.849502563477,250.503463745117,6,4,4,2,4,4,4,2,3,3,11,31.2288551330566,20.941312789917,20.9742546081543,10.488226890564,20.9764537811279,20.9940700531006,21.0017852783203,10.4269847869873,15.3948783874512,14.8566331863403,54.030158996582,20359,8645665.69702148,15361.9157581881
145,Princess-Rosethorn,10,22,15,31,21,21,29,20,25,28,25,41,192.173309326172,131.926116943359,273.730682373047,184.956848144531,184.307525634766,254.096206665039,174.687744140625,216.262969970703,234.074569702148,197.784805297852,315.821899414063,21,19,22,19,21,28,20,23,62,119,44,183.43815612793,167.106414794922,194.260482788086,167.341903686523,184.307525634766,245.334274291992,174.687744140625,198.961944580078,518.307983398438,941.455688476563,338.930816650391,3,4,3,3,6,5,2,5,1,2,0,26.2054500579834,35.1802978515625,26.4900665283203,26.4224071502686,52.659294128418,43.8096923828125,17.4687747955322,43.2525939941406,8.35980606079102,15.8227844238281,0,34,29,33,29,22,33,12,11,13,63,46,296.9951171875,255.057174682617,291.390716552734,255.416595458984,193.084075927734,289.143951416016,104.812644958496,95.1557083129883,108.677474975586,498.417724609375,354.336761474609,0,0,1,0,1,0,0,0,0,0,1,0,0,8.83002185821533,0,8.77654933929443,0,0,0,0,0,7.70297336578369,20,3,28,5,3,15,9,2,2,12,1,174.703002929688,26.3852233886719,247.240615844727,44.0373420715332,26.329647064209,131.429077148438,78.6094818115234,17.3010387420654,16.719612121582,94.9367065429688,7.70297336578369,0,0,1,1,1,0,1,1,1,2,0,0,0,8.83002185821533,8.80746841430664,8.77654933929443,0,8.73438739776611,8.65051937103271,8.35980606079102,15.8227844238281,0,90,74,51,30,37,33,36,33,27,19,28,786.163513183594,650.835510253906,450.331115722656,264.224060058594,324.732330322266,289.143951416016,314.437927246094,285.467132568359,225.714767456055,150.316452026367,215.683258056641,4,4,3,3,6,5,4,2,2,5,4,34.940601348877,35.1802978515625,26.4900665283203,26.4224071502686,52.659294128418,43.8096923828125,34.9375495910645,17.3010387420654,16.719612121582,39.5569610595703,30.8118934631348,12982,5171364.56860352,11052.1232494944
146,Edenbridge-Humber Valley,9,25,22,29,28,23,34,35,35,32,53,69,161.49870300293,141.64306640625,181.795379638672,175.603637695313,144.236801147461,213.380187988281,219.642303466797,218.082122802734,192.249923706055,300.965362548828,380.605651855469,26,23,28,18,18,23,37,30,76,117,48,167.95866394043,148.08137512207,175.526580810547,112.888053894043,112.880973815918,144.345428466797,232.193283081055,186.927536010742,456.593566894531,664.395202636719,264.769165039063,3,11,5,11,3,1,4,6,2,2,2,19.3798446655273,70.821533203125,31.3440322875977,68.9871444702148,18.8134956359863,6.27588796615601,25.1019763946533,37.3855056762695,12.0156202316284,11.3571834564209,11.0320482254028,43,40,46,42,45,53,23,16,30,63,58,277.777770996094,257.532836914063,288.365081787109,263.405456542969,282.202423095703,332.6220703125,144.336364746094,99.6946868896484,180.234298706055,357.751281738281,319.929382324219,0,0,0,0,0,0,0,0,0,0,0,0,0,0,0,0,0,0,0,0,0,0,6,7,5,4,6,3,9,1,6,7,2,38.7596893310547,45.068244934082,31.3440322875977,25.0862331390381,37.6269912719727,18.8276634216309,56.4794464111328,6.23091793060303,36.0468597412109,39.7501411437988,11.0320482254028,0,0,2,0,0,3,1,2,2,1,1,0,0,12.5376129150391,0,0,18.8276634216309,6.27549409866333,12.4618358612061,12.0156202316284,5.67859172821045,5.51602411270142,85,83,47,37,23,32,27,24,39,28,24,549.095581054688,534.380615234375,294.633911132813,232.047668457031,144.236801147461,200.828414916992,169.438339233398,149.542022705078,234.304595947266,159.000564575195,132.384582519531,3,4,2,4,5,10,1,2,9,5,8,19.3798446655273,25.7532844543457,12.5376129150391,25.0862331390381,31.3558254241943,62.7588806152344,6.27549409866333,12.4618358612061,54.0702896118164,28.3929576873779,44.1281929016113,18129,5511639.08691406,11180.3434916878
147,Humber Heights-Westmount,8,24,34,31,38,39,37,23,32,32,52,56,233.326858520508,330.225341796875,276.711608886719,341.573028564453,353.260864257813,338.023010253906,211.727890014648,294.252868652344,288.808654785156,450.606597900391,478.591583251953,27,26,17,25,15,19,23,21,29,25,32,262.492706298828,252.525253295898,151.745071411133,224.719100952148,135.869567871094,173.579391479492,211.727890014648,193.103454589844,261.732849121094,216.637786865234,273.480895996094,3,3,1,1,3,1,1,3,4,1,0,29.1658573150635,29.1375293731689,8.92618083953857,8.9887638092041,27.1739139556885,9.13575744628906,9.20555973052979,27.5862064361572,36.1010818481445,8.66551113128662,0,19,20,23,31,29,23,9,16,10,12,18,184.717086791992,194.250198364258,205.302154541016,278.651672363281,262.68115234375,210.122421264648,82.8500442504883,147.126434326172,90.2527084350586,103.986137390137,153.8330078125,1,0,1,1,2,0,0,2,1,0,0,9.72195243835449,0,8.92618083953857,8.9887638092041,18.1159420013428,0,0,18.3908042907715,9.02527046203613,0,0,12,6,11,5,5,5,2,1,9,6,13,116.663429260254,58.2750587463379,98.18798828125,44.9438209533691,45.2898559570313,45.6787872314453,18.4111194610596,9.19540214538574,81.2274398803711,51.9930686950684,111.101615905762,1,4,7,3,3,7,0,5,1,4,8,9.72195243835449,38.850040435791,62.4832649230957,26.9662914276123,27.1739139556885,63.9503021240234,0,45.9770126342773,9.02527046203613,34.6620445251465,68.3702239990234,70,36,28,23,35,14,36,33,18,20,18,680.536682128906,349.650360107422,249.933059692383,206.741577148438,317.028991699219,127.900604248047,331.400177001953,303.448272705078,162.454879760742,173.31022644043,153.8330078125,1,2,4,6,3,5,1,5,1,2,3,9.72195243835449,19.4250202178955,35.7047233581543,53.9325828552246,27.1739139556885,45.6787872314453,9.20555973052979,45.9770126342773,9.02527046203613,17.3310222625732,25.6388339996338,11701,2802718.31005859,9088.13335479588
148,Willowridge-Martingrove-Richview,7,86,72,101,103,74,95,98,58,98,122,106,380.261749267578,317.362365722656,444.034118652344,451.239807128906,323.087677001953,413.259094238281,424.996734619141,249.055313110352,413.22314453125,495.190155029297,425.805419921875,45,35,51,42,52,43,70,58,107,106,80,198.974182128906,154.273376464844,224.215240478516,184.000701904297,227.034576416016,187.054107666016,303.569091796875,249.055313110352,451.172210693359,430.247192382813,321.362579345703,2,11,2,3,3,2,1,6,5,3,2,8.84329700469971,48.4859161376953,8.79275512695313,13.1429071426392,13.0981483459473,8.70019149780273,4.33670139312744,25.7643413543701,21.0828132629395,12.1768074035645,8.03406429290771,43,36,35,39,66,42,21,22,27,31,44,190.130874633789,158.681182861328,153.87321472168,170.857788085938,288.159271240234,182.704025268555,91.0707321166992,94.4692535400391,113.847190856934,125.827011108398,176.749420166016,0,1,0,0,2,1,0,2,0,0,0,0,4.4078106880188,0,0,8.73209953308105,4.35009574890137,0,8.58811378479004,0,0,0,22,16,62,22,17,38,15,6,15,17,12,97.2762680053711,70.5249710083008,272.575408935547,96.3813171386719,74.2228469848633,165.303634643555,65.0505218505859,25.7643413543701,63.2484397888184,69.0019073486328,48.2043876647949,2,2,2,5,5,5,7,3,4,4,2,8.84329700469971,8.8156213760376,8.79275512695313,21.9048461914063,21.8302478790283,21.7504787445068,30.3569107055664,12.8821706771851,16.8662509918213,16.2357425689697,8.03406429290771,119,59,53,41,69,37,44,54,66,61,63,526.176147460938,260.060821533203,233.007995605469,179.619735717773,301.257415771484,160.953536987305,190.814865112305,231.87907409668,278.293121337891,247.595077514648,253.073028564453,4,3,4,4,4,3,4,3,5,3,12,17.6865940093994,13.2234315872192,17.5855102539063,17.5238761901855,17.4641990661621,13.0502872467041,17.3468055725098,12.8821706771851,21.0828132629395,12.1768074035645,48.2043876647949,24894,5517456.69238281,12059.1831483176
149,Kingsview Village-The Westway,6,92,122,129,109,101,98,100,99,132,152,146,406.270690917969,539.679748535156,569.913879394531,480.938934326172,445.031951904297,431.338043212891,439.4638671875,431.053253173828,569.898986816406,637.396728515625,611.774536132813,57,50,42,37,55,40,61,84,121,115,75,251.711196899414,221.180221557617,185.553344726563,163.254501342773,242.344131469727,176.056335449219,268.072937011719,365.742156982422,522.407409667969,482.240966796875,314.267761230469,0,6,2,4,5,5,5,3,5,1,3,0,26.5416259765625,8.8358736038208,17.6491355895996,22.0312843322754,22.0070419311523,21.9731922149658,13.062219619751,21.5870819091797,4.19339942932129,12.5707101821899,38,33,34,39,39,27,14,17,15,41,25,167.807464599609,145.978942871094,150.209854125977,172.079071044922,171.844024658203,118.838027954102,61.5249404907227,74.0192413330078,64.7612457275391,171.929382324219,104.755920410156,2,1,2,2,2,0,0,1,0,0,0,8.83197212219238,4.4236044883728,8.8358736038208,8.8245677947998,8.81251335144043,0,0,4.35407304763794,0,0,0,18,32,27,14,18,14,7,9,10,23,19,79.4877471923828,141.55534362793,119.284294128418,61.77197265625,79.3126220703125,61.6197166442871,30.7624702453613,39.1866607666016,43.1741638183594,96.4481887817383,79.614501953125,3,7,17,10,3,3,2,7,1,2,5,13.2479572296143,30.9652309417725,75.1049270629883,44.1228370666504,13.218770980835,13.2042255401611,8.78927707672119,30.4785118103027,4.31741666793823,8.38679885864258,20.9511833190918,110,54,54,47,53,41,66,94,69,100,69,485.758453369141,238.874633789063,238.568588256836,207.377334594727,233.531616210938,180.457748413086,290.046142578125,409.282897949219,297.901733398438,419.339965820313,289.126342773438,5,4,5,6,3,2,7,8,6,8,12,22.0799293518066,17.6944179534912,22.0896835327148,26.4737033843994,13.218770980835,8.80281734466553,30.7624702453613,34.8325843811035,25.9044990539551,33.5471954345703,50.2828407287598,23865,5063357.91357422,10449.2474354457
150,Elms-Old Rexdale,5,45,53,69,62,56,71,49,69,64,61,87,458.341827392578,543.144104003906,709.219848632813,637.991333007813,576.903259277344,732.185241699219,506.04150390625,708.637145996094,650.935729980469,602.052917480469,856.973999023438,7,19,16,12,33,28,42,51,60,39,52,71.2976150512695,194.712036132813,164.456771850586,123.482200622559,339.960845947266,288.749084472656,433.749877929688,523.775268554688,610.252258300781,384.919067382813,512.21435546875,1,4,2,3,2,1,2,0,2,6,5,10.1853742599487,40.9920082092285,20.5570964813232,30.8705501556396,20.603687286377,10.3124675750732,20.6547565460205,0,20.3417415618896,59.218318939209,49.2513809204102,8,17,10,12,7,10,13,10,9,16,11,81.4829940795898,174.216033935547,102.785484313965,123.482200622559,72.112907409668,103.12467956543,134.255905151367,102.701034545898,91.5378341674805,157.915512084961,108.353034973145,0,0,0,2,0,0,0,0,1,0,0,0,0,0,20.5803661346436,0,0,0,0,10.1708707809448,0,0,14,8,21,22,13,16,7,7,15,14,21,142.595230102539,81.984016418457,215.849517822266,226.384033203125,133.923965454102,164.999481201172,72.2916488647461,71.8907241821289,152.563064575195,138.176071166992,206.85578918457,2,4,4,6,3,9,0,7,6,0,7,20.3707485198975,40.9920082092285,41.1141929626465,61.7411003112793,30.9055328369141,92.8122100830078,0,71.8907241821289,61.0252227783203,0,68.9519271850586,31,24,24,20,19,25,35,18,31,43,40,315.74658203125,245.952041625977,246.685165405273,205.803665161133,195.73503112793,257.811706542969,361.458221435547,184.861862182617,315.296997070313,424.39794921875,394.011047363281,1,1,0,2,1,4,2,3,0,4,2,10.1853742599487,10.2480020523071,0,20.5803661346436,10.3018436431885,41.249870300293,20.6547565460205,30.8103103637695,0,39.4788780212402,19.7005519866943,10152,2931077.00854492,9356.74751418956
151,Rexdale-Kipling,4,50,59,72,87,80,59,49,49,59,77,94,467.02783203125,552.279296875,664.145385742188,804.28955078125,740.809326171875,547.360595703125,454.8408203125,451.5712890625,537.58544921875,680.452453613281,825.792846679688,13,10,23,26,57,52,44,41,58,75,41,121.427238464355,93.6066665649414,212.15754699707,240.362396240234,527.82666015625,482.419525146484,408.428466796875,377.845367431641,528.473815917969,662.778381347656,360.186248779297,0,1,2,2,1,1,1,2,1,1,2,0,9.36066627502441,18.4484825134277,18.4894142150879,9.26011657714844,9.27729892730713,9.2824649810791,18.4314804077148,9.11161708831787,8.83704471588135,17.5700607299805,17,17,16,13,18,14,18,29,21,16,23,158.789459228516,159.131332397461,147.587860107422,120.181198120117,166.682098388672,129.882171630859,167.084381103516,267.256469726563,191.343963623047,141.392715454102,202.055694580078,0,0,0,1,0,2,0,0,2,0,1,0,0,0,9.24470710754395,0,18.5545978546143,0,0,18.2232341766357,0,8.78503036499023,14,14,15,30,22,22,14,10,13,24,25,130.767791748047,131.049331665039,138.363616943359,277.341217041016,203.722564697266,204.100570678711,129.954513549805,92.1574020385742,118.451026916504,212.089080810547,219.625762939453,0,1,3,3,3,5,1,1,1,1,3,0,9.36066627502441,27.6727237701416,27.7341213226318,27.7803497314453,46.3864936828613,9.2824649810791,9.21574020385742,9.11161708831787,8.83704471588135,26.3550910949707,58,21,14,19,36,46,42,55,52,47,31,541.752258300781,196.573989868164,129.139373779297,175.649444580078,333.364196777344,426.755737304688,389.863555908203,506.86572265625,473.804107666016,415.341094970703,272.3359375,2,1,0,1,3,3,1,2,9,4,2,18.6811141967773,9.36066627502441,0,9.24470710754395,27.7803497314453,27.8318958282471,9.2824649810791,18.4314804077148,82.0045547485352,35.3481788635254,17.5700607299805,11383,2505653.47436523,7067.21347680557
152,Thistletown-Beaumond Heights,3,63,58,48,56,53,75,56,61,52,65,79,605.594543457031,557.531494140625,450.323669433594,528.401611328125,503.371643066406,716.195556640625,537.68603515625,583.508728027344,488.171234130859,587.862915039063,705.546142578125,10,15,15,23,44,52,43,44,55,49,35,96.1261138916016,144.189178466797,140.726150512695,217.022079467773,417.893432617188,496.562255859375,412.866058349609,420.891510009766,516.3349609375,443.158172607422,312.583740234375,2,5,3,0,0,0,0,1,0,5,1,19.2252235412598,48.0630569458008,28.1452293395996,0,0,0,0,9.56571674346924,0,45.2202224731445,8.93096351623535,22,23,23,17,16,14,11,8,17,23,23,211.477462768555,221.090072631836,215.780090332031,160.407623291016,151.961242675781,133.689834594727,105.616897583008,76.5257339477539,159.594436645508,208.013031005859,205.412170410156,0,1,0,0,2,0,0,0,0,0,0,0,9.61261177062988,0,0,18.9951553344727,0,0,0,0,0,0,20,24,16,24,11,10,9,6,16,12,9,192.252227783203,230.702682495117,150.107894897461,226.457824707031,104.473358154297,95.4927444458008,86.4138259887695,57.3942985534668,150.206527709961,108.528533935547,80.3786697387695,0,2,3,2,1,2,1,1,5,0,1,0,19.2252235412598,28.1452293395996,18.8714847564697,9.49757766723633,19.0985488891602,9.60153579711914,9.56571674346924,46.9395408630371,0,8.93096351623535,27,55,36,20,35,39,55,40,22,55,41,259.54052734375,528.693664550781,337.742767333984,188.714859008789,332.415222167969,372.421691894531,528.08447265625,382.628662109375,206.533981323242,497.422454833984,366.169494628906,1,3,1,4,2,4,5,2,2,14,3,9.61261177062988,28.8378353118896,9.38174343109131,37.7429695129395,18.9951553344727,38.1970977783203,48.007682800293,19.1314334869385,18.7758159637451,126.616622924805,26.7928905487061,11197,3339551.82373047,10828.6020136539
153,Mount Olive-Silverstone-Jamestown,2,240,235,275,278,256,275,206,211,262,294,339,706.15234375,693.010925292969,809.394897460938,825.317687988281,766.627746582031,830.71533203125,626.615966796875,640.792053222656,783.797546386719,848.656311035156,970.068115234375,62,58,43,50,76,88,87,77,119,151,82,182.42268371582,171.040985107422,126.559921264648,148.438430786133,227.59260559082,265.828887939453,264.638793945313,233.843536376953,355.999633789063,435.874481201172,234.647735595703,7,5,12,9,3,5,10,6,8,11,5,20.5961093902588,14.7449131011963,35.3190498352051,26.7189178466797,8.98391914367676,15.1039152145386,30.4182510375977,18.2215747833252,23.9327487945557,31.7524471282959,14.307788848877,25,37,34,34,27,35,18,16,26,24,29,73.5575332641602,109.112358093262,100.070640563965,100.938133239746,80.8552703857422,105.727401733398,54.7528533935547,48.5908660888672,77.7814331054688,69.2780685424805,82.9851760864258,2,2,3,0,4,3,3,0,1,4,2,5.88460302352905,5.89796543121338,8.82976245880127,0,11.9785585403442,9.06234931945801,9.12547492980957,0,2.99159359931946,11.5463438034058,5.72311544418335,76,106,106,69,62,59,31,50,54,53,43,223.61491394043,312.592163085938,311.984924316406,204.845031738281,185.66764831543,178.226196289063,94.2965774536133,151.846450805664,161.546051025391,152.989059448242,123.046989440918,6,11,7,9,17,15,18,10,6,16,19,17.65380859375,32.4388084411621,20.6027774810791,26.7189178466797,50.9088745117188,45.3117446899414,54.7528533935547,30.369291305542,17.9495620727539,46.185375213623,54.3695983886719,110,62,98,69,79,110,96,83,84,121,88,323.653167724609,182.8369140625,288.438903808594,204.845031738281,236.576522827148,332.2861328125,292.015197753906,252.06510925293,251.293869018555,349.276916503906,251.817092895508,5,5,4,1,3,8,8,3,18,12,12,14.7115077972412,14.7449131011963,11.7730159759521,2.96876859664917,8.98391914367676,24.1662635803223,24.3346004486084,9.1107873916626,53.8486862182617,34.6390342712402,34.338695526123,34946,4637601.69140625,12968.3564893043
154,West Humber-Clairville,1,289,306,291,301,314,255,248,242,264,322,350,839.213623046875,894.99853515625,845.758117675781,871.049865722656,905.003479003906,732.590209960938,709.361877441406,684.253662109375,733.679809570313,861.146789550781,926.342529296875,309,265,322,325,503,486,405,498,781,837,641,897.290710449219,775.080444335938,935.856079101563,940.502380371094,1449.73486328125,1396.23071289063,1158.43371582031,1408.09228515625,2170.46948242188,2238.44677734375,1696.53015136719,4,18,18,10,9,7,5,12,6,10,8,11.6154136657715,52.64697265625,52.3149375915527,28.938533782959,25.9395904541016,20.1103191375732,14.3016500473022,33.9299354553223,16.6745414733887,26.743688583374,21.1735439300537,148,119,131,125,170,135,111,98,136,212,155,429.770294189453,348.054992675781,380.736480712891,361.731689453125,489.970031738281,387.841888427734,317.496643066406,277.094451904297,377.956268310547,566.966186523438,410.237396240234,0,3,2,0,0,2,2,1,1,2,1,0,8.77449512481689,5.81277084350586,0,0,5.74580574035645,5.72066020965576,2.82749462127686,2.77909016609192,5.3487377166748,2.64669299125671,82,73,91,123,91,72,76,53,70,77,64,238.115982055664,213.512725830078,264.481079101563,355.943969726563,262.278076171875,206.848999023438,217.38508605957,149.857208251953,194.536315917969,205.926406860352,169.38835144043,4,5,10,7,14,14,5,5,5,9,7,11.6154136657715,14.6241588592529,29.0638542175293,20.2569732666016,40.350471496582,40.2206382751465,14.3016500473022,14.1374731063843,13.895450592041,24.0693187713623,18.5268497467041,371,266,225,223,393,355,374,378,464,315,267,1077.32958984375,778.005249023438,653.936706542969,645.329345703125,1132.69543457031,1019.88049316406,1069.76342773438,1068.79296875,1289.49780273438,842.426208496094,706.6669921875,41,59,41,58,51,65,56,54,61,79,76,119.057991027832,172.565078735352,119.161796569824,167.843505859375,146.991012573242,186.738677978516,160.178482055664,152.684707641602,169.524490356445,211.275146484375,201.148666381836,37783,30145338.8083496,27923.9623863216
155,Black Creek,24,222,226,279,246,199,216,269,212,243,230,266,988.335876464844,1013.04406738281,1246.70446777344,1102.74340820313,894.824401855469,974.377502441406,1216.8642578125,955.170104980469,1085.98498535156,998.870849609375,1154.61413574219,43,46,51,34,55,77,82,65,76,84,60,191.434417724609,206.194808959961,227.892227172852,152.411697387695,247.313278198242,347.347534179688,370.940002441406,292.858764648438,339.649627685547,364.804992675781,260.439270019531,9,9,4,2,11,7,3,7,3,5,7,40.0676689147949,40.3424644470215,17.8738994598389,8.96539402008057,49.4626541137695,31.5770473480225,13.5709762573242,31.5386352539063,13.4072217941284,21.7145843505859,30.3845825195313,26,27,27,27,30,38,25,27,33,29,21,115.751045227051,121.027389526367,120.648818969727,121.032814025879,134.898147583008,171.418258666992,113.091468811035,121.649017333984,147.479446411133,125.94458770752,91.1537475585938,0,0,1,0,4,0,3,0,1,0,3,0,0,4.46847486495972,0,17.9864196777344,0,13.5709762573242,0,4.46907377243042,0,13.0219640731812,49,42,42,53,31,48,26,15,19,28,29,218.146209716797,188.264831542969,187.67594909668,237.582931518555,139.394760131836,216.528335571289,117.615127563477,67.5827865600586,84.9124069213867,121.601669311523,125.878982543945,12,12,16,13,16,6,19,15,11,7,13,53.4235610961914,53.7899513244629,71.4955978393555,58.2750587463379,71.9456787109375,27.0660419464111,85.9495162963867,67.5827865600586,49.1598129272461,30.4004173278809,56.4285087585449,41,28,55,46,58,66,88,66,42,54,58,182.530502319336,125.509887695313,245.76611328125,206.204055786133,260.803100585938,297.726440429688,398.081970214844,297.3642578125,187.701110839844,234.517501831055,251.757965087891,9,4,8,17,8,9,16,9,8,13,12,40.0676689147949,17.9299831390381,35.7477989196777,76.2058486938477,35.9728393554688,40.5990600585938,72.3785400390625,40.549674987793,35.7525901794434,56.4579162597656,52.0878562927246,23038,3453854.96728516,8441.43282420329
156,Pelmo Park-Humberlea,23,58,45,59,53,73,77,54,57,80,104,100,574.0869140625,428.489807128906,540.491027832031,478.684967041016,650.160339355469,676.863586425781,468.546630859375,484.941284179688,665.004150390625,830.007995605469,785.854614257813,28,32,26,47,66,72,59,67,94,108,64,277.145416259766,304.703857421875,238.182479858398,424.494232177734,587.816162109375,632.911376953125,511.930572509766,570.018737792969,781.3798828125,861.931335449219,502.946960449219,3,1,1,0,4,1,5,3,5,0,1,29.6941509246826,9.52199554443359,9.16086483001709,0,35.6252212524414,8.79043579101563,43.3839492797852,25.5232257843018,41.5627593994141,0,7.85854625701904,30,15,24,31,24,23,20,12,32,23,29,296.941497802734,142.829940795898,219.860748291016,279.985534667969,213.751342773438,202.180023193359,173.535797119141,102.092903137207,266.001647949219,183.559463500977,227.897842407227,0,0,1,0,1,1,0,2,1,0,2,0,0,9.16086483001709,0,8.90630531311035,8.79043579101563,0,17.0154838562012,8.31255149841309,0,15.7170925140381,13,25,12,22,19,11,4,4,7,13,8,128.674652099609,238.049896240234,109.930374145508,198.699417114258,169.219802856445,96.6947937011719,34.7071571350098,34.0309677124023,58.1878623962402,103.750999450684,62.8683700561523,0,2,5,1,3,3,4,2,3,3,4,0,19.0439910888672,45.8043251037598,9.03179168701172,26.7189178466797,26.3713073730469,34.7071571350098,17.0154838562012,24.9376564025879,23.9425373077393,31.4341850280762,38,32,36,35,50,30,48,48,42,24,44,376.125915527344,304.703857421875,329.791137695313,316.112731933594,445.315277099609,263.713073730469,416.485900878906,408.371612548828,349.127197265625,191.540298461914,345.776031494141,3,6,4,6,4,7,10,2,9,6,7,29.6941509246826,57.1319732666016,36.6434593200684,54.1907501220703,35.6252212524414,61.5330505371094,86.7678985595703,17.0154838562012,74.8129653930664,47.8850746154785,55.009822845459,12725,4276214.27880859,13837.2521138853
157,Humbermede,22,105,128,106,150,107,150,84,117,109,159,191,646.432312011719,794.438903808594,661.755554199219,917.711853027344,642.37255859375,883.860717773438,485.970489501953,659.229187011719,596.965881347656,828.383850097656,973.595703125,37,34,47,58,54,68,75,57,105,122,113,227.790435791016,211.022842407227,293.419891357422,354.848571777344,324.188018798828,400.683532714844,433.902221679688,321.162933349609,575.058898925781,635.615295410156,576.001647949219,2,5,3,3,2,1,4,2,0,2,3,12.3129959106445,31.0327701568604,18.7289295196533,18.3542366027832,12.0069637298584,5.89240455627441,23.1414527893066,11.2688751220703,0,10.4199228286743,15.2920789718628,35,35,24,21,44,62,33,30,35,29,23,215.477432250977,217.229400634766,149.831436157227,128.47966003418,264.153198242188,365.3291015625,190.916976928711,169.033126831055,191.686294555664,151.088882446289,117.239273071289,0,0,1,1,0,0,0,0,0,0,0,0,0,6.24297666549683,6.11807870864868,0,0,0,0,0,0,0,30,20,22,34,26,26,17,18,37,13,19,184.694946289063,124.131080627441,137.345489501953,208.014678955078,156.090530395508,153.202514648438,98.3511734008789,101.419876098633,202.639801025391,67.7294998168945,96.8498306274414,1,7,3,5,3,2,6,4,2,2,1,6.15649795532227,43.4458770751953,18.7289295196533,30.5903949737549,18.0104465484619,11.7848091125488,34.7121772766113,22.5377502441406,10.9535026550293,10.4199228286743,5.0973596572876,35,29,31,23,42,39,57,44,45,77,40,215.477432250977,179.99006652832,193.532272338867,140.7158203125,252.146240234375,229.803787231445,329.765686035156,247.915252685547,246.453796386719,401.167022705078,203.894378662109,1,9,1,7,10,8,10,13,9,10,8,6.15649795532227,55.8589859008789,6.24297666549683,42.8265533447266,60.0348205566406,47.1392364501953,57.853630065918,73.247688293457,49.2907600402832,52.0996131896973,40.7788772583008,19618,4421686.40917969,12445.8752892806
158,Humber Summit,21,90,98,127,121,120,130,100,113,140,164,139,698.540832519531,764.549865722656,994.284790039063,949.242980957031,944.138488769531,1025.47924804688,790.638854980469,887.248718261719,1068.37609863281,1191.25439453125,988.198486328125,68,41,63,83,111,136,111,139,176,132,114,527.786376953125,319.862701416016,493.227905273438,651.133605957031,873.328063964844,1072.80908203125,877.609130859375,1091.39453125,1343.10131835938,958.814575195313,810.464965820313,7,3,6,3,2,7,1,2,3,4,1,54.3309516906738,23.4045867919922,46.9740867614746,23.5349502563477,15.7356414794922,55.2181129455566,7.90638828277588,15.7035179138184,22.8937721252441,29.0549869537354,7.10934162139893,54,44,41,40,56,59,26,41,55,90,47,419.124481201172,343.267272949219,320.989593505859,313.79931640625,440.597961425781,465.409790039063,205.566101074219,321.922119140625,419.719177246094,653.737182617188,334.139068603516,0,1,0,2,1,3,0,1,0,2,0,0,7.80152893066406,0,15.6899662017822,7.86782073974609,23.6649055480957,0,7.85175895690918,0,14.5274934768677,0,26,29,29,29,35,29,26,14,33,25,26,201.800689697266,226.244338989258,227.041412353516,227.504516601563,275.373718261719,228.7607421875,205.566101074219,109.924621582031,251.831497192383,181.593658447266,184.842880249023,2,7,16,10,7,11,4,3,7,6,5,15.5231294631958,54.6107025146484,125.264228820801,78.4498291015625,55.0747451782227,86.7713165283203,31.6255531311035,23.5552768707275,53.4188041687012,43.5824813842773,35.5467071533203,73,63,67,84,86,71,94,86,85,88,58,566.59423828125,491.496337890625,524.5439453125,658.978576660156,676.632568359375,560.069396972656,743.200500488281,675.251281738281,648.656921386719,639.209716796875,412.341827392578,15,16,18,19,15,22,23,29,23,42,18,116.423469543457,124.824462890625,140.922256469727,149.054672241211,118.017311096191,173.542633056641,181.846939086914,227.70100402832,175.518920898438,305.077362060547,127.968147277832,14066,7966913.71899414,12622.3100909753